repo,default_branch,path,filename,suffix,size_bytes,github_blob_url,raw_url,hrsm_tags
Steven-Kemp/sequence_files,main,README.md,README.md,.md,16,https://api.github.com/repos/Steven-Kemp/sequence_files/git/blobs/72d88d32dccd07a0f2bd60f86ecd113441f6ae49,https://raw.githubusercontent.com/Steven-Kemp/sequence_files/main/README.md,unclassified
Steven-Kemp/sequence_files,main,figure_data/Rawdata_forfigures.xlsx,Rawdata_forfigures.xlsx,.xlsx,23812,https://api.github.com/repos/Steven-Kemp/sequence_files/git/blobs/5f84bec916bf321a76b9dc245aa295a4c33c8aff,https://raw.githubusercontent.com/Steven-Kemp/sequence_files/main/figure_data/Rawdata_forfigures.xlsx,table_like;figure_source_candidate
Steven-Kemp/sequence_files,main,figure_data/readme.md,readme.md,.md,59,https://api.github.com/repos/Steven-Kemp/sequence_files/git/blobs/fc8efdd0c878212137aaa1fd51cde64be4119bd1,https://raw.githubusercontent.com/Steven-Kemp/sequence_files/main/figure_data/readme.md,figure_source_candidate
Steven-Kemp/sequence_files,main,illumina/NB01_CAMB-1B5124.bam.gz,NB01_CAMB-1B5124.bam.gz,.gz,13476455,https://api.github.com/repos/Steven-Kemp/sequence_files/git/blobs/d80378c65551a3383de1459d664e317c8c39dccb,https://raw.githubusercontent.com/Steven-Kemp/sequence_files/main/illumina/NB01_CAMB-1B5124.bam.gz,read_or_alignment_like
Steven-Kemp/sequence_files,main,illumina/NB01_CAMB-1B5ADE.bam.gz,NB01_CAMB-1B5ADE.bam.gz,.gz,18513477,https://api.github.com/repos/Steven-Kemp/sequence_files/git/blobs/9f626af96a78a99b37d562d7fd7bfa3a2ef6b642,https://raw.githubusercontent.com/Steven-Kemp/sequence_files/main/illumina/NB01_CAMB-1B5ADE.bam.gz,read_or_alignment_like
Steven-Kemp/sequence_files,main,illumina/NB01_CAMB-1B5BDB.bam.gz,NB01_CAMB-1B5BDB.bam.gz,.gz,24663012,https://api.github.com/repos/Steven-Kemp/sequence_files/git/blobs/74a3a50c9618d45e2e5033156f2a8305de8667e1,https://raw.githubusercontent.com/Steven-Kemp/sequence_files/main/illumina/NB01_CAMB-1B5BDB.bam.gz,read_or_alignment_like
Steven-Kemp/sequence_files,main,illumina/NB02_CAMB-1B5BCC.bam.gz,NB02_CAMB-1B5BCC.bam.gz,.gz,14869268,https://api.github.com/repos/Steven-Kemp/sequence_files/git/blobs/5c272bdad47c6d19183674e35452972712f88178,https://raw.githubusercontent.com/Steven-Kemp/sequence_files/main/illumina/NB02_CAMB-1B5BCC.bam.gz,read_or_alignment_like
Steven-Kemp/sequence_files,main,illumina/NB05_CAMB-1B55FB.bam.gz,NB05_CAMB-1B55FB.bam.gz,.gz,21464720,https://api.github.com/repos/Steven-Kemp/sequence_files/git/blobs/bf533bca6d72537d57bc9bbf7691c8011bb63674,https://raw.githubusercontent.com/Steven-Kemp/sequence_files/main/illumina/NB05_CAMB-1B55FB.bam.gz,read_or_alignment_like
Steven-Kemp/sequence_files,main,illumina/NB06_CAMB-1B55CE.bam.gz,NB06_CAMB-1B55CE.bam.gz,.gz,22696303,https://api.github.com/repos/Steven-Kemp/sequence_files/git/blobs/7e62ecf7ee4e7cf7bb0815cd3d7e6a5c564f7b31,https://raw.githubusercontent.com/Steven-Kemp/sequence_files/main/illumina/NB06_CAMB-1B55CE.bam.gz,read_or_alignment_like
Steven-Kemp/sequence_files,main,illumina/NB07_CAMB-1B5A29.bam.gz,NB07_CAMB-1B5A29.bam.gz,.gz,11630711,https://api.github.com/repos/Steven-Kemp/sequence_files/git/blobs/342594e60e6e908f7413e2d3602401e3c9f5be33,https://raw.githubusercontent.com/Steven-Kemp/sequence_files/main/illumina/NB07_CAMB-1B5A29.bam.gz,read_or_alignment_like
Steven-Kemp/sequence_files,main,illumina/NB08_CAMB-1B529A.bam.gz,NB08_CAMB-1B529A.bam.gz,.gz,18644923,https://api.github.com/repos/Steven-Kemp/sequence_files/git/blobs/5e163a046a8c7388fb4a6257bab72404656bc62b,https://raw.githubusercontent.com/Steven-Kemp/sequence_files/main/illumina/NB08_CAMB-1B529A.bam.gz,read_or_alignment_like
Steven-Kemp/sequence_files,main,illumina/NB08_CAMB-1B5467.bam.gz,NB08_CAMB-1B5467.bam.gz,.gz,19914405,https://api.github.com/repos/Steven-Kemp/sequence_files/git/blobs/16fe795ac1766eeb200f5d861179ef4d5674b35d,https://raw.githubusercontent.com/Steven-Kemp/sequence_files/main/illumina/NB08_CAMB-1B5467.bam.gz,read_or_alignment_like
Steven-Kemp/sequence_files,main,illumina/NB10_CAMB-1B5643.bam.gz,NB10_CAMB-1B5643.bam.gz,.gz,11183682,https://api.github.com/repos/Steven-Kemp/sequence_files/git/blobs/eee6ace85a079a7bfce984c6b2d165c35ffeeac3,https://raw.githubusercontent.com/Steven-Kemp/sequence_files/main/illumina/NB10_CAMB-1B5643.bam.gz,read_or_alignment_like
Steven-Kemp/sequence_files,main,illumina/NB10_CAMB-1B5C6F.bam.gz,NB10_CAMB-1B5C6F.bam.gz,.gz,12685622,https://api.github.com/repos/Steven-Kemp/sequence_files/git/blobs/7ac9b67f87fd5d2736454fdb464e77a9d462af65,https://raw.githubusercontent.com/Steven-Kemp/sequence_files/main/illumina/NB10_CAMB-1B5C6F.bam.gz,read_or_alignment_like
Steven-Kemp/sequence_files,main,illumina/NB11_CAMB-1B5616.bam.gz,NB11_CAMB-1B5616.bam.gz,.gz,19636747,https://api.github.com/repos/Steven-Kemp/sequence_files/git/blobs/cacb6d0d574b905053f9879f5ca1aa6ef65d373b,https://raw.githubusercontent.com/Steven-Kemp/sequence_files/main/illumina/NB11_CAMB-1B5616.bam.gz,read_or_alignment_like
Steven-Kemp/sequence_files,main,illumina/NB13_CAMB-1B54A3.bam.gz,NB13_CAMB-1B54A3.bam.gz,.gz,15434970,https://api.github.com/repos/Steven-Kemp/sequence_files/git/blobs/d28c94d3323b8bb93a81bebd2127c85016e6b50a,https://raw.githubusercontent.com/Steven-Kemp/sequence_files/main/illumina/NB13_CAMB-1B54A3.bam.gz,read_or_alignment_like
Steven-Kemp/sequence_files,main,illumina/NB14_CAMB-1B5607.bam.gz,NB14_CAMB-1B5607.bam.gz,.gz,17520300,https://api.github.com/repos/Steven-Kemp/sequence_files/git/blobs/d2ea13b2c3b670e12be570e496eabdbc8cb287ea,https://raw.githubusercontent.com/Steven-Kemp/sequence_files/main/illumina/NB14_CAMB-1B5607.bam.gz,read_or_alignment_like
Steven-Kemp/sequence_files,main,illumina/NB14_CAMB-1B5CBA.bam.gz,NB14_CAMB-1B5CBA.bam.gz,.gz,16865173,https://api.github.com/repos/Steven-Kemp/sequence_files/git/blobs/9988962e5233b092c11cabb1878c7fc1d051b1bf,https://raw.githubusercontent.com/Steven-Kemp/sequence_files/main/illumina/NB14_CAMB-1B5CBA.bam.gz,read_or_alignment_like
Steven-Kemp/sequence_files,main,illumina/NB15_CAMB-1B5CC9.bam.gz,NB15_CAMB-1B5CC9.bam.gz,.gz,11767859,https://api.github.com/repos/Steven-Kemp/sequence_files/git/blobs/4cf7bc4938fc627db7582a59964cf122accc5609,https://raw.githubusercontent.com/Steven-Kemp/sequence_files/main/illumina/NB15_CAMB-1B5CC9.bam.gz,read_or_alignment_like
Steven-Kemp/sequence_files,main,illumina/NB16_CAMB-1B19D5.bam.gz,NB16_CAMB-1B19D5.bam.gz,.gz,14195491,https://api.github.com/repos/Steven-Kemp/sequence_files/git/blobs/efa0bc43a0ad6ab1194b315aefe8f282d798ce74,https://raw.githubusercontent.com/Steven-Kemp/sequence_files/main/illumina/NB16_CAMB-1B19D5.bam.gz,read_or_alignment_like
Steven-Kemp/sequence_files,main,illumina/NB16_CAMB-1B5BAE.bam.gz,NB16_CAMB-1B5BAE.bam.gz,.gz,18740609,https://api.github.com/repos/Steven-Kemp/sequence_files/git/blobs/d236f69776f79a4c504701f502c457f22839bc10,https://raw.githubusercontent.com/Steven-Kemp/sequence_files/main/illumina/NB16_CAMB-1B5BAE.bam.gz,read_or_alignment_like
Steven-Kemp/sequence_files,main,illumina/NB16_CAMB-1B5C9C.bam.gz,NB16_CAMB-1B5C9C.bam.gz,.gz,19309123,https://api.github.com/repos/Steven-Kemp/sequence_files/git/blobs/e802ff6e64bc7e75590d537f9899fb123db9a41f,https://raw.githubusercontent.com/Steven-Kemp/sequence_files/main/illumina/NB16_CAMB-1B5C9C.bam.gz,read_or_alignment_like
Steven-Kemp/sequence_files,main,illumina/NB23_CAMB-1B4FB2.bam.gz,NB23_CAMB-1B4FB2.bam.gz,.gz,13152699,https://api.github.com/repos/Steven-Kemp/sequence_files/git/blobs/340489c8b301cf1c930356fcb4e2a4412b0a66cb,https://raw.githubusercontent.com/Steven-Kemp/sequence_files/main/illumina/NB23_CAMB-1B4FB2.bam.gz,read_or_alignment_like
Steven-Kemp/sequence_files,main,illumina/files.md,files.md,.md,16,https://api.github.com/repos/Steven-Kemp/sequence_files/git/blobs/16eea25cca2de1b7f1f900b48fcfa69a04f8ecf5,https://raw.githubusercontent.com/Steven-Kemp/sequence_files/main/illumina/files.md,unclassified
Steven-Kemp/sequence_files,main,illumina_consenus/Consensus_Illumina.fa,Consensus_Illumina.fa,.fa,628448,https://api.github.com/repos/Steven-Kemp/sequence_files/git/blobs/fbc60cc16ab95d18ca6a7c949bf161745055eaa0,https://raw.githubusercontent.com/Steven-Kemp/sequence_files/main/illumina_consenus/Consensus_Illumina.fa,sequence_like
Steven-Kemp/sequence_files,main,illumina_consenus/new_files,new_files,,1,https://api.github.com/repos/Steven-Kemp/sequence_files/git/blobs/8b137891791fe96927ad78e64b0aad7bded08bdc,https://raw.githubusercontent.com/Steven-Kemp/sequence_files/main/illumina_consenus/new_files,unclassified
Steven-Kemp/sequence_files,main,nanopore/NB01_CAMB-1B5124_ARTIC_nanopolish.fasta.gz,NB01_CAMB-1B5124_ARTIC_nanopolish.fasta.gz,.gz,8953,https://api.github.com/repos/Steven-Kemp/sequence_files/git/blobs/b8870151d0dc199360096e1a21ec9513dbcdf841,https://raw.githubusercontent.com/Steven-Kemp/sequence_files/main/nanopore/NB01_CAMB-1B5124_ARTIC_nanopolish.fasta.gz,read_or_alignment_like
Steven-Kemp/sequence_files,main,nanopore/NB01_CAMB-1B5ADE_ARTIC_nanopolish.fasta.gz,NB01_CAMB-1B5ADE_ARTIC_nanopolish.fasta.gz,.gz,8781,https://api.github.com/repos/Steven-Kemp/sequence_files/git/blobs/f825ab2745fbee29bb42bc84995f6804ef641d3f,https://raw.githubusercontent.com/Steven-Kemp/sequence_files/main/nanopore/NB01_CAMB-1B5ADE_ARTIC_nanopolish.fasta.gz,read_or_alignment_like
Steven-Kemp/sequence_files,main,nanopore/NB01_CAMB-1B5BDB_ARTIC_nanopolish.fasta.gz,NB01_CAMB-1B5BDB_ARTIC_nanopolish.fasta.gz,.gz,8952,https://api.github.com/repos/Steven-Kemp/sequence_files/git/blobs/29acb8392d9233f3e59405019c8ccb23eed50f64,https://raw.githubusercontent.com/Steven-Kemp/sequence_files/main/nanopore/NB01_CAMB-1B5BDB_ARTIC_nanopolish.fasta.gz,read_or_alignment_like
Steven-Kemp/sequence_files,main,nanopore/NB02_CAMB-1B5BCC_ARTIC_nanopolish.fasta.gz,NB02_CAMB-1B5BCC_ARTIC_nanopolish.fasta.gz,.gz,8958,https://api.github.com/repos/Steven-Kemp/sequence_files/git/blobs/6f47e8392a8ab660020223e8b6ddc18786e7ce52,https://raw.githubusercontent.com/Steven-Kemp/sequence_files/main/nanopore/NB02_CAMB-1B5BCC_ARTIC_nanopolish.fasta.gz,read_or_alignment_like
Steven-Kemp/sequence_files,main,nanopore/NB05_CAMB-1B55FB_ARTIC_nanopolish.fasta.gz,NB05_CAMB-1B55FB_ARTIC_nanopolish.fasta.gz,.gz,8956,https://api.github.com/repos/Steven-Kemp/sequence_files/git/blobs/38f65a04bf5821015068b3cb3071a9a10a37a6fd,https://raw.githubusercontent.com/Steven-Kemp/sequence_files/main/nanopore/NB05_CAMB-1B55FB_ARTIC_nanopolish.fasta.gz,read_or_alignment_like
Steven-Kemp/sequence_files,main,nanopore/NB06_CAMB-1B55CE_ARTIC_nanopolish.fasta.gz,NB06_CAMB-1B55CE_ARTIC_nanopolish.fasta.gz,.gz,8953,https://api.github.com/repos/Steven-Kemp/sequence_files/git/blobs/10a166350376507e78869abfdd3c9e40ad2e6e10,https://raw.githubusercontent.com/Steven-Kemp/sequence_files/main/nanopore/NB06_CAMB-1B55CE_ARTIC_nanopolish.fasta.gz,read_or_alignment_like
Steven-Kemp/sequence_files,main,nanopore/NB07_CAMB-1B5A29_ARTIC_nanopolish.fasta.gz,NB07_CAMB-1B5A29_ARTIC_nanopolish.fasta.gz,.gz,8942,https://api.github.com/repos/Steven-Kemp/sequence_files/git/blobs/233ef718039a513d2e2294f4995daddaec63a4d7,https://raw.githubusercontent.com/Steven-Kemp/sequence_files/main/nanopore/NB07_CAMB-1B5A29_ARTIC_nanopolish.fasta.gz,read_or_alignment_like
Steven-Kemp/sequence_files,main,nanopore/NB08_CAMB-1B529A_ARTIC_nanopolish.fasta.gz,NB08_CAMB-1B529A_ARTIC_nanopolish.fasta.gz,.gz,8329,https://api.github.com/repos/Steven-Kemp/sequence_files/git/blobs/f7e9c1399d711bb70ab5df85bb2af3c461388c38,https://raw.githubusercontent.com/Steven-Kemp/sequence_files/main/nanopore/NB08_CAMB-1B529A_ARTIC_nanopolish.fasta.gz,read_or_alignment_like
Steven-Kemp/sequence_files,main,nanopore/NB08_CAMB-1B5467_ARTIC_nanopolish.fasta.gz,NB08_CAMB-1B5467_ARTIC_nanopolish.fasta.gz,.gz,8953,https://api.github.com/repos/Steven-Kemp/sequence_files/git/blobs/e9ad046945d39efd4e2f7406c5b368e842eefefe,https://raw.githubusercontent.com/Steven-Kemp/sequence_files/main/nanopore/NB08_CAMB-1B5467_ARTIC_nanopolish.fasta.gz,read_or_alignment_like
Steven-Kemp/sequence_files,main,nanopore/NB09_CAMB-1B5C50_ARTIC_nanopolish.fasta.gz,NB09_CAMB-1B5C50_ARTIC_nanopolish.fasta.gz,.gz,8346,https://api.github.com/repos/Steven-Kemp/sequence_files/git/blobs/e0c0a7d300168f4a24e9cdbde2bd3b70f91efbc1,https://raw.githubusercontent.com/Steven-Kemp/sequence_files/main/nanopore/NB09_CAMB-1B5C50_ARTIC_nanopolish.fasta.gz,read_or_alignment_like
Steven-Kemp/sequence_files,main,nanopore/NB10_CAMB-1B5643_ARTIC_nanopolish.fasta.gz,NB10_CAMB-1B5643_ARTIC_nanopolish.fasta.gz,.gz,8953,https://api.github.com/repos/Steven-Kemp/sequence_files/git/blobs/e45050659a68df9002768a86bb9d04292e91e7cb,https://raw.githubusercontent.com/Steven-Kemp/sequence_files/main/nanopore/NB10_CAMB-1B5643_ARTIC_nanopolish.fasta.gz,read_or_alignment_like
Steven-Kemp/sequence_files,main,nanopore/NB10_CAMB-1B5C6F_ARTIC_nanopolish.fasta.gz,NB10_CAMB-1B5C6F_ARTIC_nanopolish.fasta.gz,.gz,8551,https://api.github.com/repos/Steven-Kemp/sequence_files/git/blobs/bfc9225971695c6040e62f9d8b5230c10eb0640e,https://raw.githubusercontent.com/Steven-Kemp/sequence_files/main/nanopore/NB10_CAMB-1B5C6F_ARTIC_nanopolish.fasta.gz,read_or_alignment_like
Steven-Kemp/sequence_files,main,nanopore/NB11_12933_ARTIC_nanopolish.fasta.gz,NB11_12933_ARTIC_nanopolish.fasta.gz,.gz,8128,https://api.github.com/repos/Steven-Kemp/sequence_files/git/blobs/87f0e715853534fc3be2808db6d4f7a933729e0a,https://raw.githubusercontent.com/Steven-Kemp/sequence_files/main/nanopore/NB11_12933_ARTIC_nanopolish.fasta.gz,read_or_alignment_like
Steven-Kemp/sequence_files,main,nanopore/NB11_CAMB-1B5616_ARTIC_nanopolish.fasta.gz,NB11_CAMB-1B5616_ARTIC_nanopolish.fasta.gz,.gz,8954,https://api.github.com/repos/Steven-Kemp/sequence_files/git/blobs/57aa4b56cccb79c2772b7404fbd744332d146ae4,https://raw.githubusercontent.com/Steven-Kemp/sequence_files/main/nanopore/NB11_CAMB-1B5616_ARTIC_nanopolish.fasta.gz,read_or_alignment_like
Steven-Kemp/sequence_files,main,nanopore/NB12_12935_ARTIC_nanopolish.fasta.gz,NB12_12935_ARTIC_nanopolish.fasta.gz,.gz,8685,https://api.github.com/repos/Steven-Kemp/sequence_files/git/blobs/71eb52c3b2aee19d4afd57c4efde6969da72d60e,https://raw.githubusercontent.com/Steven-Kemp/sequence_files/main/nanopore/NB12_12935_ARTIC_nanopolish.fasta.gz,read_or_alignment_like
Steven-Kemp/sequence_files,main,nanopore/NB13_CAMB-1B54A3_ARTIC_nanopolish.fasta.gz,NB13_CAMB-1B54A3_ARTIC_nanopolish.fasta.gz,.gz,8954,https://api.github.com/repos/Steven-Kemp/sequence_files/git/blobs/83fef4570a12afa1447a68353f60ed230badb333,https://raw.githubusercontent.com/Steven-Kemp/sequence_files/main/nanopore/NB13_CAMB-1B54A3_ARTIC_nanopolish.fasta.gz,read_or_alignment_like
Steven-Kemp/sequence_files,main,nanopore/NB13_CAMB-1B5CE7_ARTIC_nanopolish.fasta.gz,NB13_CAMB-1B5CE7_ARTIC_nanopolish.fasta.gz,.gz,8642,https://api.github.com/repos/Steven-Kemp/sequence_files/git/blobs/47495303ba87d1bc86552ee91106833cee240d3a,https://raw.githubusercontent.com/Steven-Kemp/sequence_files/main/nanopore/NB13_CAMB-1B5CE7_ARTIC_nanopolish.fasta.gz,read_or_alignment_like
Steven-Kemp/sequence_files,main,nanopore/NB14_CAMB-1B5607_ARTIC_nanopolish.fasta.gz,NB14_CAMB-1B5607_ARTIC_nanopolish.fasta.gz,.gz,8953,https://api.github.com/repos/Steven-Kemp/sequence_files/git/blobs/b91db597f0042d21c84541ac90f8af70579bc762,https://raw.githubusercontent.com/Steven-Kemp/sequence_files/main/nanopore/NB14_CAMB-1B5607_ARTIC_nanopolish.fasta.gz,read_or_alignment_like
Steven-Kemp/sequence_files,main,nanopore/NB14_CAMB-1B5CBA_ARTIC_nanopolish.fasta.gz,NB14_CAMB-1B5CBA_ARTIC_nanopolish.fasta.gz,.gz,8586,https://api.github.com/repos/Steven-Kemp/sequence_files/git/blobs/d19ec26805988a80dfa1ec515532899172e7d01a,https://raw.githubusercontent.com/Steven-Kemp/sequence_files/main/nanopore/NB14_CAMB-1B5CBA_ARTIC_nanopolish.fasta.gz,read_or_alignment_like
Steven-Kemp/sequence_files,main,nanopore/NB15_CAMB-1B5CC9_ARTIC_nanopolish.fasta.gz,NB15_CAMB-1B5CC9_ARTIC_nanopolish.fasta.gz,.gz,8843,https://api.github.com/repos/Steven-Kemp/sequence_files/git/blobs/1040cb75082183b84d1fbe6162d32103bdd00871,https://raw.githubusercontent.com/Steven-Kemp/sequence_files/main/nanopore/NB15_CAMB-1B5CC9_ARTIC_nanopolish.fasta.gz,read_or_alignment_like
Steven-Kemp/sequence_files,main,nanopore/NB16_CAMB-1B19D5_ARTIC_nanopolish.fasta.gz,NB16_CAMB-1B19D5_ARTIC_nanopolish.fasta.gz,.gz,8905,https://api.github.com/repos/Steven-Kemp/sequence_files/git/blobs/d5d3254564fec1db90bd06fc7a9e8fa4bba94527,https://raw.githubusercontent.com/Steven-Kemp/sequence_files/main/nanopore/NB16_CAMB-1B19D5_ARTIC_nanopolish.fasta.gz,read_or_alignment_like
Steven-Kemp/sequence_files,main,nanopore/NB16_CAMB-1B5BAE_ARTIC_nanopolish.fasta.gz,NB16_CAMB-1B5BAE_ARTIC_nanopolish.fasta.gz,.gz,8956,https://api.github.com/repos/Steven-Kemp/sequence_files/git/blobs/e8736a47eaac76660fbe9db184b3428097f8494d,https://raw.githubusercontent.com/Steven-Kemp/sequence_files/main/nanopore/NB16_CAMB-1B5BAE_ARTIC_nanopolish.fasta.gz,read_or_alignment_like
Steven-Kemp/sequence_files,main,nanopore/NB16_CAMB-1B5C9C_ARTIC_nanopolish.fasta.gz,NB16_CAMB-1B5C9C_ARTIC_nanopolish.fasta.gz,.gz,7781,https://api.github.com/repos/Steven-Kemp/sequence_files/git/blobs/29b1965320a7819a40125d7d9c1d00e0621f6ac3,https://raw.githubusercontent.com/Steven-Kemp/sequence_files/main/nanopore/NB16_CAMB-1B5C9C_ARTIC_nanopolish.fasta.gz,read_or_alignment_like
Steven-Kemp/sequence_files,main,nanopore/NB17_CAMB-1B5B71_ARTIC_nanopolish.fasta.gz,NB17_CAMB-1B5B71_ARTIC_nanopolish.fasta.gz,.gz,8957,https://api.github.com/repos/Steven-Kemp/sequence_files/git/blobs/b658a0f52daf0b14fb1452f7c0866b038f81cb8c,https://raw.githubusercontent.com/Steven-Kemp/sequence_files/main/nanopore/NB17_CAMB-1B5B71_ARTIC_nanopolish.fasta.gz,read_or_alignment_like
Steven-Kemp/sequence_files,main,nanopore/NB23_CAMB-1B4FB2_ARTIC_nanopolish.fasta.gz,NB23_CAMB-1B4FB2_ARTIC_nanopolish.fasta.gz,.gz,8957,https://api.github.com/repos/Steven-Kemp/sequence_files/git/blobs/478c74b353fcd7f86c3a77119f7b8559fed6a079,https://raw.githubusercontent.com/Steven-Kemp/sequence_files/main/nanopore/NB23_CAMB-1B4FB2_ARTIC_nanopolish.fasta.gz,read_or_alignment_like
Steven-Kemp/sequence_files,main,nanopore/consensus.md,consensus.md,.md,22,https://api.github.com/repos/Steven-Kemp/sequence_files/git/blobs/0e0ae5630239d69093716e7fd007d42e971f9297,https://raw.githubusercontent.com/Steven-Kemp/sequence_files/main/nanopore/consensus.md,unclassified
Steven-Kemp/sequence_files,main,vaccinepaper/msa,msa,,1,https://api.github.com/repos/Steven-Kemp/sequence_files/git/blobs/8b137891791fe96927ad78e64b0aad7bded08bdc,https://raw.githubusercontent.com/Steven-Kemp/sequence_files/main/vaccinepaper/msa,unclassified
Steven-Kemp/sequence_files,main,vaccinepaper/with_background_subsampled_deduped_aligned_UKonly_484_vui.fasta.gz,with_background_subsampled_deduped_aligned_UKonly_484_vui.fasta.gz,.gz,3460643,https://api.github.com/repos/Steven-Kemp/sequence_files/git/blobs/77b77b91e88761d4549040318f8774afc6346af2,https://raw.githubusercontent.com/Steven-Kemp/sequence_files/main/vaccinepaper/with_background_subsampled_deduped_aligned_UKonly_484_vui.fasta.gz,read_or_alignment_like;sample_time_mapping_candidate
