case_id,timepoint,original_row_order,timepoint_label,day_from_first_positive_proxy,is_eta_sample,within_day_order,D796H,del69/70,W64G,P330S,Y200H,T240I,CT,CT_interpolated,diversity,sequence_entropy,near_neutral_proxy,ct_decline_inverse,ct_per_day_change,post_nadir_growth,culture_positive,haplotype_concentration,lineage_backbone,fragmentation_inverse,lagged_similarity,memory_kernel_weight_sum,retained_escape,compensatory_structure,outcome_persistent,source_level,source_sheet,memory_kernel_type,H_v,R_v,S_v,M_v,Phi_v,escape_pair_mean,escape_pair_delta,memory_delta,transition_state,is_escape_return_jump
Kemp_chronic_infection,0,0,1,1.0,False,0,0.0,0.028,0.0,0.0,0.0018,0.0018,25.0,25.0,0.0111718694347305,0.4336078079804191,3,-0.0420649141851577,0.0,0.0,0.0,0.028,0.014,0.25,0.0,0.0,0.014,0.0,1,figure_source_reconstruction,Fig 5a,chronological_exp_decay_tau7_maxlag30,-1.097648874504095,0.0921110387194479,-1.4544473133262756,-1.1084135218744884,-0.8920996677463529,0.014,,,low_escape_baseline,False
Kemp_chronic_infection,1,1,37,37.0,False,0,0.003,0.006,0.0,0.0,0.0,0.0,25.0,25.0,0.0025099800796022,0.6365141682948128,2,-0.0420649141851577,0.0,0.0,0.0,0.006,0.0045,0.3333333333333333,0.0,0.0,0.0045,1.8e-05,1,figure_source_reconstruction,Fig 5a,chronological_exp_decay_tau7_maxlag30,-1.1516457044100752,0.0921110387194479,-1.21436558868821,-1.1184461545202486,-0.8480866022247715,0.0045000000000000005,-0.0095,-0.010032632645760264,low_escape_baseline,False
Kemp_chronic_infection,2,2,41,41.0,False,0,0.0,0.0,0.0,0.0,0.0,0.0,23.0,23.0,0.0,0.0,0,0.4386769622166427,-0.5,0.5,0.0,0.0,0.0,1.0,0.0,0.5647181220077593,0.0,0.0,1,figure_source_reconstruction,Fig 5a,chronological_exp_decay_tau7_maxlag30,-2.1736900692123804,0.6010106107712357,1.123473108913979,-1.123233322847346,-0.393109918093628,0.0,-0.0045000000000000005,-0.0047871683270972465,low_escape_baseline,False
Kemp_chronic_infection,3,3,45,45.0,False,0,0.0025,0.0,0.0,0.0,0.0,0.0,,23.75,0.0010206207261596,0.0,1,0.2583987585659675,0.1875,-0.1875,0.0,0.0025,0.00125,0.5,0.1614026310777409,0.8836246793317297,0.00125,0.0,1,figure_source_reconstruction,Fig 5a,chronological_exp_decay_tau7_maxlag30,-1.9511055167152047,0.1873451960366612,-0.637223684532345,-0.9050545371978566,-0.8265096356021863,0.00125,0.00125,0.21817878564948934,low_escape_baseline,False
Kemp_chronic_infection,4,4,50,50.0,False,0,0.0013,0.0,0.0,0.0014,0.0,0.0,,24.5,0.0006978538528947,0.6924611526112329,2,0.0781205549152924,0.15,-0.15,0.0,0.0014,0.00065,0.3333333333333333,0.4127661949453693,0.9221127515024884,0.00065,0.0,1,figure_source_reconstruction,Fig 5a,chronological_exp_decay_tau7_maxlag30,-1.1045821387435637,0.0967804903640601,-1.2292490922859245,-0.5679653521299042,-0.7012540231988329,0.00065,-0.0006000000000000001,0.3370891850679524,low_escape_baseline,False
Kemp_chronic_infection,5,5,55,55.0,False,0,0.0222,0.006,0.0022,0.007,0.0,0.0077,,25.25,0.0077841933857443,1.3555345880413838,5,-0.1021576487353827,0.15,-0.15,0.0,0.0222,0.0141,0.1666666666666666,0.6876922557936676,0.9409542662261096,0.0141,0.0001332,1,figure_source_reconstruction,Fig 5a,chronological_exp_decay_tau7_maxlag30,0.1710654081112478,-0.0104963209496774,-1.7584483360316536,-0.1841705047185989,-0.4455124383971705,0.014100000000000001,0.013450000000000002,0.3837948474113053,intermediate_transition,False
Kemp_chronic_infection,6,6,66,66.0,False,0,0.0014,0.0,0.0,0.0,0.0021,0.0,26.0,26.0,0.0009304120950775,0.6730116670092565,2,-0.2824358523860579,0.0681818181818181,-0.0681818181818181,0.0,0.0021,0.0007,0.3333333333333333,0.4238579945030762,0.4032297301371123,0.0007,0.0,1,figure_source_reconstruction,Fig 5a,chronological_exp_decay_tau7_maxlag30,-1.121724212602122,-0.0813103563191172,-1.2279900283877616,-0.5530098250267452,-0.7460086055839366,0.0007,-0.013400000000000002,-0.36883932030814637,low_escape_baseline,False
Kemp_chronic_infection,7,7,82,82.0,False,0,0.9952,0.83,0.037,0.0,0.0022,0.0021,23.0,23.0,0.4690552735730264,0.7889917094662425,5,0.4386769622166427,-0.1875,0.1875,0.0,0.9952,0.9126,0.1666666666666666,0.4960270515978937,0.1228296721854101,0.9126,0.826016,1,figure_source_reconstruction,Fig 5a,chronological_exp_decay_tau7_maxlag30,0.5647274330613825,0.4617430637617645,1.547667873286671,1.5950447494318742,1.042295779885423,0.9126,0.9118999999999999,2.1480545744586195,coherent_escape_surge,False
Kemp_chronic_infection,8,8,86,86.0,False,0,0.0282,0.0,0.0,0.0,0.8198,0.8663,,21.666666666666668,0.4320969540122524,0.7652515377589933,3,0.7591715464845095,-0.333333333333333,0.333333333333333,0.0,0.8663,0.0141,0.25,0.072586067930866,0.6221507412753766,0.0141,0.0,1,figure_source_reconstruction,Fig 5a,chronological_exp_decay_tau7_maxlag30,0.0294720290265124,0.71744891692394,-0.058831615149956,-1.0107832675795343,-0.0806734841947594,0.0141,-0.8985,-2.6058280170114085,intermediate_transition,False
Kemp_chronic_infection,9,9,89,89.0,False,0,0.0952,0.058,0.003,0.003,0.8579,0.8421,,20.33333333333333,0.4198727791446674,0.996704343382672,6,1.079666130752377,-0.4444444444444452,0.4444444444444452,0.0,0.8579,0.0766,0.1428571428571428,0.6694890397150798,1.0567323500697343,0.0766,0.0055216,1,figure_source_reconstruction,Fig 5a,chronological_exp_decay_tau7_maxlag30,0.8766234699634098,0.9576805981961752,-0.3341895489178017,-0.1353849444003941,0.3411823937103473,0.0766,0.0625,0.8753983231791402,alternate_diversity_state,False
Kemp_chronic_infection,10,10,93,93.0,False,0,0.0015,0.0,0.9923,0.9942,0.0052,0.005,19.0,19.0,0.5114059079309377,0.7308043524813631,5,1.4001607150202438,-0.333333333333333,0.333333333333333,0.0,0.9942,0.00075,0.1666666666666666,0.0096897839413164,1.1614740302039857,0.00075,0.0,1,figure_source_reconstruction,Fig 5a,chronological_exp_decay_tau7_maxlag30,0.5952864373382681,1.0988775793727854,-0.1655220002424383,-1.1094205105672514,0.104805376475341,0.00075,-0.07585,-0.9740355661668574,alternate_diversity_state,False
Kemp_chronic_infection,11,11,93ETA*,93.0,True,1,0.0019,0.0,0.9578,0.9689,0.0058,0.0191,,19.0,0.4940694421502575,0.7665163041829137,5,1.4001607150202438,0.0,0.0,0.0,0.9689,0.00095,0.1666666666666666,0.0160110696710965,1.1614740302039857,0.00095,0.0,1,figure_source_reconstruction,Fig 5a,chronological_exp_decay_tau7_maxlag30,0.5935380751611948,0.9503255292293494,-0.2072607974968162,-1.1007157148927416,0.0589717730002465,0.00095,0.00019999999999999998,0.00870479567450988,alternate_diversity_state,False
Kemp_chronic_infection,12,12,95,95.0,False,0,0.0759,0.118,0.8128,0.7498,0.1387,0.1286,16.0,16.0,0.3451598470274316,1.381922322028649,6,2.121273529622945,-1.5,1.5,0.0,0.8128,0.09695,0.1428571428571428,0.6809893122119413,2.375775946345506,0.09695,0.0089562,1,figure_source_reconstruction,Fig 5a,chronological_exp_decay_tau7_maxlag30,1.0783951810639412,2.0479170001297624,-0.3710661096083339,-0.0938771370762449,0.6653422336272812,0.09695,0.09599999999999999,1.0068385778164965,alternate_diversity_state,False
Kemp_chronic_infection,13,13,98,98.0,False,0,0.7929,0.729,0.0,0.0022,0.0846,0.0682,25.0,25.0,0.3750410773057621,1.005926440180078,5,-0.0420649141851577,3.0,-3.0,0.0,0.7929,0.76095,0.1666666666666666,0.1220944594774779,2.1887691277267054,0.76095,0.5780241,1,figure_source_reconstruction,Fig 5a,chronological_exp_decay_tau7_maxlag30,0.5763038800282582,-1.2448574125714762,0.9262765900377316,0.6061266861128162,0.2159624359018324,0.76095,0.664,0.7000038231890611,retained_escape_state,True
Kemp_chronic_infection,14,14,99,99.0,False,0,0.824,0.758,0.0,0.0047,0.2121,0.1765,30.0,30.0,0.368618791798067,1.2020374670944185,5,-1.2439196051896588,5.0,-5.0,0.0,0.824,0.7909999999999999,0.1666666666666666,0.4183283164231079,2.7642734842319454,0.7909999999999999,0.6245919999999999,1,figure_source_reconstruction,Fig 5a,chronological_exp_decay_tau7_maxlag30,0.7411378475878236,-2.8513484555236763,1.0344487049614448,1.097160161605122,0.0053495646576785,0.7909999999999999,0.03004999999999991,0.4910334754923059,high_memory_escape_return,False
Kemp_chronic_infection,15,15,99ETA*,99.0,True,1,0.76,0.614,0.1058,0.0625,0.0,0.0,,30.0,0.3385993724152483,1.029133018464893,4,-1.2439196051896588,0.0,0.0,0.0,0.76,0.687,0.2,0.4352716945600853,2.7642734842319454,0.687,0.46664,1,figure_source_reconstruction,Fig 5a,chronological_exp_decay_tau7_maxlag30,0.3051228550157934,-0.6230677033721365,0.8505223684027149,0.8022080342626692,0.3336963885772602,0.687,-0.10399999999999987,-0.2949521273424529,retained_escape_state,False
Kemp_chronic_infection,16,16,100ETA*,100.0,True,0,0.7012,0.497,0.0,0.0047,0.2321,0.2857,,30.0,0.2759490345456324,1.3089939729478646,5,-1.2439196051896588,0.0,0.0,0.0,0.7012,0.5991,0.1666666666666666,0.6448454201465676,4.130043391846469,0.5991,0.3484964,1,figure_source_reconstruction,Fig 5a,chronological_exp_decay_tau7_maxlag30,0.6558412753027435,-0.6230677033721365,0.4698440435008938,0.8354387199089421,0.3345140838351108,0.5991,-0.08790000000000009,0.03323068564627296,retained_escape_state,False
Kemp_chronic_infection,17,17,100,100.0,False,1,0.8283,0.583,0.098,0.0,0.2857,0.2857,,30.0,0.308956562750602,1.4123284351583605,5,-1.2439196051896588,0.0,0.0,0.0,0.8283,0.70565,0.1666666666666666,0.6645128783492259,4.130043391846469,0.70565,0.4828988999999999,1,figure_source_reconstruction,Fig 5a,chronological_exp_decay_tau7_maxlag30,0.8141971525880709,-0.6230677033721365,0.8814061103053531,1.1513237072022589,0.5559648166808866,0.70565,0.10655000000000003,0.3158849872933167,retained_escape_state,False
Kemp_chronic_infection,18,18,101ETA*,101.0,True,0,0.6539,0.607,0.2526,0.0583,0.2758,0.2577,,30.0,0.2310844470462403,1.598850562012483,6,-1.2439196051896588,0.0,0.0,0.0,0.6539,0.63045,0.1428571428571428,0.7856637489735462,5.3139991409013465,0.63045,0.3969173,1,figure_source_reconstruction,Fig 5a,chronological_exp_decay_tau7_maxlag30,1.050549637382954,-0.6230677033721365,0.3657995766026647,1.1214725725033778,0.478688520779215,0.63045,-0.07520000000000004,-0.02985113469888101,retained_escape_state,False
Kemp_chronic_infection,19,19,101,101.0,False,1,0.9767,0.787,0.0067,0.0,0.0174,0.0167,30.0,30.0,0.4541442623220071,0.8030331060178847,5,-1.2439196051896588,0.0,0.0,0.0,0.9767,0.88185,0.1666666666666666,0.7301767394017641,5.3139991409013465,0.88185,0.7686629,1,figure_source_reconstruction,Fig 5a,chronological_exp_decay_tau7_maxlag30,0.5481358345558419,-0.6230677033721365,1.459155738656064,1.8017001618042936,0.7964810079110158,0.88185,0.25140000000000007,0.6802275893009158,high_memory_escape_return,False
