case_id,timepoint,original_row_order,timepoint_label,day_from_first_positive_proxy,is_eta_sample,within_day_order,D796H,del69/70,W64G,P330S,Y200H,T240I,CT,CT_interpolated,diversity,sequence_entropy,near_neutral_proxy,ct_decline_inverse,ct_per_day_change,post_nadir_growth,culture_positive,haplotype_concentration,lineage_backbone,fragmentation_inverse,lagged_similarity,memory_kernel_weight_sum,retained_escape,compensatory_structure,outcome_persistent,source_level,source_sheet,memory_kernel_type,H_v,R_v,S_v,M_v,Phi_v,escape_pair_mean,escape_pair_delta,memory_delta,transition_state,is_escape_return_jump,dt_raw,same_day_step,dt_calendar,ds_step,delta_H_v,d_H_v_dstep,d_H_v_dcalendar,delta_R_v,d_R_v_dstep,d_R_v_dcalendar,delta_S_v,d_S_v_dstep,d_S_v_dcalendar,delta_M_v,d_M_v_dstep,d_M_v_dcalendar,delta_Phi_v,d_Phi_v_dstep,d_Phi_v_dcalendar,velocity_norm_step_HRSM,velocity_norm_step_total,velocity_norm_calendar_HRSM,velocity_norm_calendar_total,acceleration_step_proxy,acceleration_calendar_proxy,entering_retained_escape,entering_high_memory_return,U_v
Kemp_chronic_infection,0,0,1,1.0,False,0,0.0,0.028,0.0,0.0,0.0018,0.0018,25.0,25.0,0.0111718694347305,0.4336078079804191,3,-0.0420649141851577,0.0,0.0,0.0,0.028,0.014,0.25,0.0,0.0,0.014,0.0,1,figure_source_reconstruction,Fig 5a,chronological_exp_decay_tau7_maxlag30,-1.097648874504095,0.0921110387194479,-1.4544473133262756,-1.1084135218744884,-0.8920996677463529,0.014,,,low_escape_baseline,False,,False,,,,,,,,,,,,,,,,,,0.0,0.0,0.0,0.0,,,False,False,0.8920996677463529
Kemp_chronic_infection,1,1,37,37.0,False,0,0.003,0.006,0.0,0.0,0.0,0.0,25.0,25.0,0.0025099800796022,0.6365141682948128,2,-0.0420649141851577,0.0,0.0,0.0,0.006,0.0045,0.3333333333333333,0.0,0.0,0.0045,1.8e-05,1,figure_source_reconstruction,Fig 5a,chronological_exp_decay_tau7_maxlag30,-1.1516457044100752,0.0921110387194479,-1.21436558868821,-1.1184461545202486,-0.8480866022247715,0.0045000000000000005,-0.0095,-0.0100326326457602,low_escape_baseline,False,36.0,False,36.0,1.0,-0.05399682990598,-0.05399682990598,-0.0014999119418327,0.0,0.0,0.0,0.2400817246380655,0.2400817246380655,0.0066689367955018,-0.0100326326457602,-0.0100326326457602,-0.00027868424016,0.0440130655215813,0.0440130655215813,0.0012225851533772,0.2462834664830102,0.2501853229098283,0.0068412074023058,0.0069495923030507,0.2501853229098283,0.0001930442306402,False,False,0.8480866022247715
Kemp_chronic_infection,2,2,41,41.0,False,0,0.0,0.0,0.0,0.0,0.0,0.0,23.0,23.0,0.0,0.0,0,0.4386769622166427,-0.5,0.5,0.0,0.0,0.0,1.0,0.0,0.5647181220077593,0.0,0.0,1,figure_source_reconstruction,Fig 5a,chronological_exp_decay_tau7_maxlag30,-2.1736900692123804,0.6010106107712357,1.123473108913979,-1.123233322847346,-0.393109918093628,0.0,-0.0045,-0.0047871683270972,low_escape_baseline,False,4.0,False,4.0,1.0,-1.0220443648023052,-1.0220443648023052,-0.2555110912005763,0.5088995720517878,0.5088995720517878,0.1272248930129469,2.337838697602189,2.337838697602189,0.5844596744005472,-0.0047871683270972,-0.0047871683270972,-0.0011967920817743,0.4549766841311435,0.4549766841311435,0.1137441710327858,2.601742906408228,2.6412250820686416,0.650435726602057,0.6603062705171604,2.3910397591588133,0.1633391695535274,False,False,0.393109918093628
Kemp_chronic_infection,3,3,45,45.0,False,0,0.0025,0.0,0.0,0.0,0.0,0.0,,23.75,0.0010206207261596,0.0,1,0.2583987585659675,0.1875,-0.1875,0.0,0.0025,0.00125,0.5,0.1614026310777409,0.8836246793317297,0.00125,0.0,1,figure_source_reconstruction,Fig 5a,chronological_exp_decay_tau7_maxlag30,-1.9511055167152047,0.1873451960366612,-0.637223684532345,-0.9050545371978566,-0.8265096356021863,0.00125,0.00125,0.2181787856494893,low_escape_baseline,False,4.0,False,4.0,1.0,0.2225845524971756,0.2225845524971756,0.0556461381242939,-0.4136654147345745,-0.4136654147345745,-0.1034163536836436,-1.760696793446324,-1.760696793446324,-0.440174198361581,0.2181787856494893,0.2181787856494893,0.0545446964123723,-0.4333997175085582,-0.4333997175085582,-0.1083499293771395,1.8352978339543555,1.8857766183867184,0.4588244584885889,0.4714441545966796,-0.7554484636819232,-0.0472155289801202,False,False,0.8265096356021863
Kemp_chronic_infection,4,4,50,50.0,False,0,0.0013,0.0,0.0,0.0014,0.0,0.0,,24.5,0.0006978538528947,0.6924611526112329,2,0.0781205549152924,0.15,-0.15,0.0,0.0014,0.00065,0.3333333333333333,0.4127661949453693,0.9221127515024884,0.00065,0.0,1,figure_source_reconstruction,Fig 5a,chronological_exp_decay_tau7_maxlag30,-1.1045821387435637,0.0967804903640601,-1.2292490922859245,-0.5679653521299042,-0.7012540231988329,0.00065,-0.0006,0.3370891850679524,low_escape_baseline,False,5.0,False,5.0,1.0,0.846523377971641,0.846523377971641,0.1693046755943282,-0.0905647056726011,-0.0905647056726011,-0.0181129411345202,-0.5920254077535795,-0.5920254077535795,-0.1184050815507159,0.3370891850679524,0.3370891850679524,0.0674178370135904,0.1252556124033533,0.1252556124033533,0.0250511224806706,1.090379290651492,1.0975499833356976,0.2180758581302984,0.2195099966671395,-0.7882266350510208,-0.050386831585908,False,False,0.7012540231988329
Kemp_chronic_infection,5,5,55,55.0,False,0,0.0222,0.006,0.0022,0.007,0.0,0.0077,,25.25,0.0077841933857443,1.3555345880413838,5,-0.1021576487353827,0.15,-0.15,0.0,0.0222,0.0141,0.1666666666666666,0.6876922557936676,0.9409542662261096,0.0141,0.0001332,1,figure_source_reconstruction,Fig 5a,chronological_exp_decay_tau7_maxlag30,0.1710654081112478,-0.0104963209496774,-1.7584483360316536,-0.1841705047185989,-0.4455124383971705,0.014100000000000001,0.01345,0.3837948474113053,intermediate_transition,False,5.0,False,5.0,1.0,1.2756475468548114,1.2756475468548114,0.2551295093709623,-0.1072768113137375,-0.1072768113137375,-0.0214553622627475,-0.5291992437457291,-0.5291992437457291,-0.1058398487491458,0.3837948474113053,0.3837948474113053,0.076758969482261,0.2557415848016624,0.2557415848016624,0.0511483169603324,1.4374057543097774,1.459979130234308,0.2874811508619555,0.2919958260468616,0.3624291468986103,0.0144971658759444,False,False,0.4455124383971705
Kemp_chronic_infection,6,6,66,66.0,False,0,0.0014,0.0,0.0,0.0,0.0021,0.0,26.0,26.0,0.0009304120950775,0.6730116670092565,2,-0.2824358523860579,0.0681818181818181,-0.0681818181818181,0.0,0.0021,0.0007,0.3333333333333333,0.4238579945030762,0.4032297301371123,0.0007,0.0,1,figure_source_reconstruction,Fig 5a,chronological_exp_decay_tau7_maxlag30,-1.121724212602122,-0.0813103563191172,-1.2279900283877616,-0.5530098250267452,-0.7460086055839366,0.0007,-0.0134,-0.3688393203081463,low_escape_baseline,False,11.0,False,11.0,1.0,-1.2927896207133698,-1.2927896207133698,-0.1175263291557608,-0.0708140353694398,-0.0708140353694398,-0.0064376395790399,0.530458307643892,0.530458307643892,0.048223482513081,-0.3688393203081463,-0.3688393203081463,-0.0335308473007405,-0.3004961671867661,-0.3004961671867661,-0.027317833380615,1.4469789533311537,1.4778518321798222,0.131543541211923,0.134350166561802,0.0178727019455142,-0.0143314235895508,False,False,0.7460086055839366
Kemp_chronic_infection,7,7,82,82.0,False,0,0.9952,0.83,0.037,0.0,0.0022,0.0021,23.0,23.0,0.4690552735730264,0.7889917094662425,5,0.4386769622166427,-0.1875,0.1875,0.0,0.9952,0.9126,0.1666666666666666,0.4960270515978937,0.1228296721854101,0.9126,0.826016,1,figure_source_reconstruction,Fig 5a,chronological_exp_decay_tau7_maxlag30,0.5647274330613825,0.4617430637617645,1.547667873286671,1.5950447494318742,1.042295779885423,0.9126,0.9119,2.1480545744586195,coherent_escape_surge,False,16.0,False,16.0,1.0,1.6864516456635046,1.6864516456635046,0.105403227853969,0.5430534200808816,0.5430534200808816,0.0339408387550551,2.7756579016744327,2.7756579016744327,0.173478618854652,2.1480545744586195,2.1480545744586195,0.1342534109036637,1.7883043854693597,1.7883043854693597,0.1117690240918349,3.9315952757377,4.319198303770266,0.2457247047336062,0.2699498939856416,2.841346471590444,0.0084749829639899,False,False,-1.042295779885423
Kemp_chronic_infection,8,8,86,86.0,False,0,0.0282,0.0,0.0,0.0,0.8198,0.8663,,21.666666666666668,0.4320969540122524,0.7652515377589933,3,0.7591715464845095,-0.333333333333333,0.333333333333333,0.0,0.8663,0.0141,0.25,0.072586067930866,0.6221507412753766,0.0141,0.0,1,figure_source_reconstruction,Fig 5a,chronological_exp_decay_tau7_maxlag30,0.0294720290265124,0.71744891692394,-0.058831615149956,-1.0107832675795343,-0.0806734841947594,0.0141,-0.8985,-2.6058280170114085,intermediate_transition,False,4.0,False,4.0,1.0,-0.5352554040348702,-0.5352554040348702,-0.1338138510087175,0.2557058531621755,0.2557058531621755,0.0639264632905438,-1.606499488436627,-1.606499488436627,-0.4016248721091567,-2.6058280170114085,-2.6058280170114085,-0.6514570042528521,-1.1229692640801825,-1.1229692640801825,-0.2807423160200456,3.118182818803074,3.3142305380808184,0.7795457047007684,0.8285576345202046,-1.0049677656894476,0.1396519351336407,False,False,0.0806734841947594
Kemp_chronic_infection,9,9,89,89.0,False,0,0.0952,0.058,0.003,0.003,0.8579,0.8421,,20.33333333333333,0.4198727791446674,0.996704343382672,6,1.079666130752377,-0.4444444444444452,0.4444444444444452,0.0,0.8579,0.0766,0.1428571428571428,0.6694890397150798,1.0567323500697343,0.0766,0.0055216,1,figure_source_reconstruction,Fig 5a,chronological_exp_decay_tau7_maxlag30,0.8766234699634098,0.9576805981961752,-0.3341895489178017,-0.1353849444003941,0.3411823937103473,0.0766,0.0625,0.8753983231791402,alternate_diversity_state,False,3.0,False,3.0,1.0,0.8471514409368974,0.8471514409368974,0.2823838136456325,0.2402316812722352,0.2402316812722352,0.080077227090745,-0.2753579337678457,-0.2753579337678457,-0.0917859779226152,0.8753983231791402,0.8753983231791402,0.2917994410597134,0.4218558779051067,0.4218558779051067,0.1406186259683689,1.2718180060378506,1.3399565001167697,0.4239393353459502,0.4466521667055899,-1.9742740379640489,-0.1273018226048715,False,False,-0.3411823937103473
Kemp_chronic_infection,10,10,93,93.0,False,0,0.0015,0.0,0.9923,0.9942,0.0052,0.005,19.0,19.0,0.5114059079309377,0.7308043524813631,5,1.4001607150202438,-0.333333333333333,0.333333333333333,0.0,0.9942,0.00075,0.1666666666666666,0.0096897839413164,1.1614740302039857,0.00075,0.0,1,figure_source_reconstruction,Fig 5a,chronological_exp_decay_tau7_maxlag30,0.5952864373382681,1.0988775793727854,-0.1655220002424383,-1.1094205105672514,0.104805376475341,0.00075,-0.07585,-0.9740355661668574,alternate_diversity_state,False,4.0,False,4.0,1.0,-0.2813370326251416,-0.2813370326251416,-0.0703342581562854,0.1411969811766101,0.1411969811766101,0.0352992452941525,0.1686675486753634,0.1686675486753634,0.0421668871688408,-0.9740355661668574,-0.9740355661668574,-0.2435088915417143,-0.2363770172350063,-0.2363770172350063,-0.0590942543087515,1.0374397040569898,1.064027835082698,0.2593599260142474,0.2660069587706745,-0.2759286650340715,-0.0451613019837288,False,False,-0.104805376475341
Kemp_chronic_infection,11,11,93ETA*,93.0,True,1,0.0019,0.0,0.9578,0.9689,0.0058,0.0191,,19.0,0.4940694421502575,0.7665163041829137,5,1.4001607150202438,0.0,0.0,0.0,0.9689,0.00095,0.1666666666666666,0.0160110696710965,1.1614740302039857,0.00095,0.0,1,figure_source_reconstruction,Fig 5a,chronological_exp_decay_tau7_maxlag30,0.5935380751611948,0.9503255292293494,-0.2072607974968162,-1.1007157148927416,0.0589717730002465,0.00095,0.0001999999999999,0.0087047956745098,alternate_diversity_state,False,0.0,True,,1.0,-0.0017483621770733,-0.0017483621770733,,-0.1485520501434359,-0.1485520501434359,,-0.0417387972543779,-0.0417387972543779,,0.0087047956745098,0.0087047956745098,,-0.0458336034750944,-0.0458336034750944,,0.1545595970365385,0.1612122459480338,0.0,0.0,-0.902815589134664,,False,False,-0.0589717730002465
Kemp_chronic_infection,12,12,95,95.0,False,0,0.0759,0.118,0.8128,0.7498,0.1387,0.1286,16.0,16.0,0.3451598470274316,1.381922322028649,6,2.121273529622945,-1.5,1.5,0.0,0.8128,0.09695,0.1428571428571428,0.6809893122119413,2.375775946345506,0.09695,0.0089562,1,figure_source_reconstruction,Fig 5a,chronological_exp_decay_tau7_maxlag30,1.0783951810639412,2.0479170001297624,-0.3710661096083339,-0.0938771370762449,0.6653422336272812,0.09695,0.0959999999999999,1.0068385778164963,alternate_diversity_state,False,2.0,False,2.0,1.0,0.4848571059027463,0.4848571059027463,0.2424285529513731,1.0975914709004129,1.0975914709004129,0.5487957354502064,-0.1638053121115177,-0.1638053121115177,-0.0819026560557588,1.0068385778164963,1.0068385778164963,0.5034192889082483,0.6063704606270347,0.6063704606270347,0.3031852303135173,1.5749125538242483,1.6876121259680077,0.7874562769121242,0.8438060629840037,1.5263998800199736,0.4219030314920018,False,False,-0.6653422336272812
Kemp_chronic_infection,13,13,98,98.0,False,0,0.7929,0.729,0.0,0.0022,0.0846,0.0682,25.0,25.0,0.3750410773057621,1.005926440180078,5,-0.0420649141851577,3.0,-3.0,0.0,0.7929,0.76095,0.1666666666666666,0.1220944594774779,2.1887691277267054,0.76095,0.5780241,1,figure_source_reconstruction,Fig 5a,chronological_exp_decay_tau7_maxlag30,0.5763038800282582,-1.2448574125714762,0.9262765900377316,0.6061266861128162,0.2159624359018324,0.76095,0.664,0.7000038231890611,retained_escape_state,True,3.0,False,3.0,1.0,-0.502091301035683,-0.502091301035683,-0.1673637670118943,-3.2927744127012386,-3.2927744127012386,-1.0975914709004129,1.2973426996460655,1.2973426996460655,0.4324475665486885,0.7000038231890611,0.7000038231890611,0.233334607729687,-0.4493797977254488,-0.4493797977254488,-0.1497932659084829,3.642466532491402,3.6700823754956375,1.2141555108304674,1.2233607918318792,1.98247024952763,0.1265182429492918,True,False,-0.2159624359018324
Kemp_chronic_infection,14,14,99,99.0,False,0,0.824,0.758,0.0,0.0047,0.2121,0.1765,30.0,30.0,0.368618791798067,1.2020374670944185,5,-1.2439196051896588,5.0,-5.0,0.0,0.824,0.7909999999999999,0.1666666666666666,0.4183283164231079,2.7642734842319454,0.7909999999999999,0.6245919999999999,1,figure_source_reconstruction,Fig 5a,chronological_exp_decay_tau7_maxlag30,0.7411378475878236,-2.8513484555236763,1.0344487049614448,1.097160161605122,0.0053495646576785,0.7909999999999999,0.0300499999999999,0.4910334754923059,high_memory_escape_return,False,1.0,False,1.0,1.0,0.1648339675595654,0.1648339675595654,0.1648339675595654,-1.6064910429522,-1.6064910429522,-1.6064910429522,0.1081721149237132,0.1081721149237132,0.1081721149237132,0.4910334754923059,0.4910334754923059,0.4910334754923059,-0.2106128712441539,-0.2106128712441539,-0.2106128712441539,1.6913896027965285,1.7044519852380424,1.6913896027965285,1.7044519852380424,-1.9656303902575951,0.4810911934061632,False,True,-0.0053495646576785
Kemp_chronic_infection,15,15,99ETA*,99.0,True,1,0.76,0.614,0.1058,0.0625,0.0,0.0,,30.0,0.3385993724152483,1.029133018464893,4,-1.2439196051896588,0.0,0.0,0.0,0.76,0.687,0.2,0.4352716945600853,2.7642734842319454,0.687,0.46664,1,figure_source_reconstruction,Fig 5a,chronological_exp_decay_tau7_maxlag30,0.3051228550157934,-0.6230677033721365,0.8505223684027149,0.8022080342626692,0.3336963885772602,0.687,-0.1039999999999998,-0.2949521273424529,retained_escape_state,False,0.0,True,,1.0,-0.4360149925720302,-0.4360149925720302,,2.22828075215154,2.22828075215154,,-0.1839263365587299,-0.1839263365587299,,-0.2949521273424529,-0.2949521273424529,,0.3283468239195817,0.3283468239195817,,2.296991475574164,2.320340810234232,0.0,0.0,0.6158888249961891,,True,False,-0.3336963885772602
Kemp_chronic_infection,16,16,100ETA*,100.0,True,0,0.7012,0.497,0.0,0.0047,0.2321,0.2857,,30.0,0.2759490345456324,1.3089939729478646,5,-1.2439196051896588,0.0,0.0,0.0,0.7012,0.5991,0.1666666666666666,0.6448454201465676,4.130043391846469,0.5991,0.3484964,1,figure_source_reconstruction,Fig 5a,chronological_exp_decay_tau7_maxlag30,0.6558412753027435,-0.6230677033721365,0.4698440435008938,0.8354387199089421,0.3345140838351108,0.5991,-0.0879,0.0332306856462729,retained_escape_state,False,1.0,False,1.0,1.0,0.3507184202869501,0.3507184202869501,0.3507184202869501,0.0,0.0,0.0,-0.3806783249018211,-0.3806783249018211,-0.3806783249018211,0.0332306856462729,0.0332306856462729,0.0332306856462729,0.0008176952578505,0.0008176952578505,0.0008176952578505,0.5186749230945638,0.5186755676457937,0.5186749230945638,0.5186755676457937,-1.8016652425884376,0.5186755676457937,False,False,-0.3345140838351108
Kemp_chronic_infection,17,17,100,100.0,False,1,0.8283,0.583,0.098,0.0,0.2857,0.2857,,30.0,0.308956562750602,1.4123284351583605,5,-1.2439196051896588,0.0,0.0,0.0,0.8283,0.70565,0.1666666666666666,0.6645128783492259,4.130043391846469,0.70565,0.4828988999999999,1,figure_source_reconstruction,Fig 5a,chronological_exp_decay_tau7_maxlag30,0.8141971525880709,-0.6230677033721365,0.8814061103053531,1.1513237072022589,0.5559648166808866,0.70565,0.10655,0.3158849872933167,retained_escape_state,False,0.0,True,,1.0,0.1583558772853274,0.1583558772853274,,0.0,0.0,,0.4115620668044593,0.4115620668044593,,0.3158849872933167,0.3158849872933167,,0.2214507328457758,0.2214507328457758,,0.5424419267538809,0.585904148285702,0.0,0.0,0.0672285806399083,,False,False,-0.5559648166808866
Kemp_chronic_infection,18,18,101ETA*,101.0,True,0,0.6539,0.607,0.2526,0.0583,0.2758,0.2577,,30.0,0.2310844470462403,1.598850562012483,6,-1.2439196051896588,0.0,0.0,0.0,0.6539,0.63045,0.1428571428571428,0.7856637489735462,5.3139991409013465,0.63045,0.3969173,1,figure_source_reconstruction,Fig 5a,chronological_exp_decay_tau7_maxlag30,1.050549637382954,-0.6230677033721365,0.3657995766026647,1.1214725725033778,0.478688520779215,0.63045,-0.0752,-0.029851134698881,retained_escape_state,False,1.0,False,1.0,1.0,0.236352484794883,0.236352484794883,0.236352484794883,0.0,0.0,0.0,-0.5156065337026884,-0.5156065337026884,-0.5156065337026884,-0.029851134698881,-0.029851134698881,-0.029851134698881,-0.0772762959016716,-0.0772762959016716,-0.0772762959016716,0.5679821167153308,0.5732148906097175,0.5679821167153308,0.5732148906097175,-0.0126892576759845,0.5732148906097175,False,False,-0.478688520779215
Kemp_chronic_infection,19,19,101,101.0,False,1,0.9767,0.787,0.0067,0.0,0.0174,0.0167,30.0,30.0,0.4541442623220071,0.8030331060178847,5,-1.2439196051896588,0.0,0.0,0.0,0.9767,0.88185,0.1666666666666666,0.7301767394017641,5.3139991409013465,0.88185,0.7686629,1,figure_source_reconstruction,Fig 5a,chronological_exp_decay_tau7_maxlag30,0.5481358345558419,-0.6230677033721365,1.459155738656064,1.8017001618042936,0.7964810079110158,0.88185,0.2514,0.6802275893009158,high_memory_escape_return,False,0.0,True,,1.0,-0.502413802827112,-0.502413802827112,,0.0,0.0,,1.0933561620533994,1.0933561620533994,,0.6802275893009158,0.6802275893009158,,0.3177924871318008,0.3177924871318008,,1.3822289606347693,1.4182908603297455,0.0,0.0,0.8450759697200282,,False,True,-0.7964810079110158
