case_id,timepoint,original_row_order,timepoint_label,day_from_first_positive_proxy,is_eta_sample,within_day_order,D796H,del69/70,W64G,P330S,Y200H,T240I,CT,CT_interpolated,diversity,sequence_entropy,near_neutral_proxy,ct_decline_inverse,ct_per_day_change,post_nadir_growth,culture_positive,haplotype_concentration,lineage_backbone,fragmentation_inverse,lagged_similarity,memory_kernel_weight_sum,retained_escape,compensatory_structure,outcome_persistent,source_level,source_sheet,memory_kernel_type,H_v,R_v,S_v,M_v,Phi_v
Kemp_chronic_infection,0,0,1,1.0,False,0,0.0,0.028,0.0,0.0,0.0018,0.0018,25.0,25.0,0.011171869434730548,0.4336078079804191,3,-0.04206491418515771,0.0,0.0,0.0,0.028,0.014,0.25,0.0,0.0,0.014,0.0,1,figure_source_reconstruction,Fig 5a,chronological_exp_decay_tau7_maxlag30,-1.097648874504095,0.09211103871944794,-1.4544473133262756,-1.1084135218744884,-0.8920996677463529
Kemp_chronic_infection,1,1,37,37.0,False,0,0.003,0.006,0.0,0.0,0.0,0.0,25.0,25.0,0.0025099800796022265,0.6365141682948128,2,-0.04206491418515771,0.0,0.0,0.0,0.006,0.0045000000000000005,0.3333333333333333,0.0,0.0,0.0045000000000000005,1.8e-05,1,figure_source_reconstruction,Fig 5a,chronological_exp_decay_tau7_maxlag30,-1.1516457044100752,0.09211103871944794,-1.21436558868821,-1.1184461545202486,-0.8480866022247715
Kemp_chronic_infection,2,2,41,41.0,False,0,0.0,0.0,0.0,0.0,0.0,0.0,23.0,23.0,0.0,0.0,0,0.43867696221664276,-0.5,0.5,0.0,0.0,0.0,1.0,0.0,0.5647181220077593,0.0,0.0,1,figure_source_reconstruction,Fig 5a,chronological_exp_decay_tau7_maxlag30,-2.1736900692123804,0.6010106107712357,1.1234731089139787,-1.1232333228473461,-0.393109918093628
Kemp_chronic_infection,3,3,45,45.0,False,0,0.0025,0.0,0.0,0.0,0.0,0.0,,23.75,0.0010206207261596574,0.0,1,0.25839875856596756,0.1875,-0.1875,0.0,0.0025,0.00125,0.5,0.1614026310777409,0.8836246793317297,0.00125,0.0,1,figure_source_reconstruction,Fig 5a,chronological_exp_decay_tau7_maxlag30,-1.9511055167152047,0.18734519603666125,-0.637223684532345,-0.9050545371978566,-0.8265096356021863
Kemp_chronic_infection,4,4,50,50.0,False,0,0.0013,0.0,0.0,0.0014,0.0,0.0,,24.5,0.000697853852894716,0.6924611526112329,2,0.0781205549152924,0.15,-0.15,0.0,0.0014,0.00065,0.3333333333333333,0.41276619494536937,0.9221127515024885,0.00065,0.0,1,figure_source_reconstruction,Fig 5a,chronological_exp_decay_tau7_maxlag30,-1.1045821387435635,0.09678049036406017,-1.2292490922859245,-0.5679653521299042,-0.7012540231988329
Kemp_chronic_infection,5,5,55,55.0,False,0,0.0222,0.006,0.0022,0.007,0.0,0.0077,,25.25,0.007784193385744387,1.3555345880413838,5,-0.10215764873538277,0.15,-0.15,0.0,0.0222,0.014100000000000001,0.16666666666666666,0.6876922557936676,0.9409542662261097,0.014100000000000001,0.0001332,1,figure_source_reconstruction,Fig 5a,chronological_exp_decay_tau7_maxlag30,0.17106540811124782,-0.010496320949677495,-1.7584483360316536,-0.1841705047185989,-0.44551243839717053
Kemp_chronic_infection,6,6,66,66.0,False,0,0.0014,0.0,0.0,0.0,0.0021,0.0,26.0,26.0,0.000930412095077588,0.6730116670092565,2,-0.28243585238605795,0.06818181818181818,-0.06818181818181818,0.0,0.0021,0.0007,0.3333333333333333,0.4238579945030762,0.4032297301371123,0.0007,0.0,1,figure_source_reconstruction,Fig 5a,chronological_exp_decay_tau7_maxlag30,-1.121724212602122,-0.08131035631911726,-1.2279900283877616,-0.5530098250267452,-0.7460086055839366
Kemp_chronic_infection,7,7,82,82.0,False,0,0.9952,0.83,0.037,0.0,0.0022,0.0021,23.0,23.0,0.46905527357302645,0.7889917094662425,5,0.43867696221664276,-0.1875,0.1875,0.0,0.9952,0.9126,0.16666666666666666,0.49602705159789373,0.12282967218541012,0.9126,0.826016,1,figure_source_reconstruction,Fig 5a,chronological_exp_decay_tau7_maxlag30,0.5647274330613825,0.4617430637617645,1.547667873286671,1.5950447494318742,1.042295779885423
Kemp_chronic_infection,8,8,86,86.0,False,0,0.0282,0.0,0.0,0.0,0.8198,0.8663,,21.666666666666668,0.43209695401225245,0.7652515377589933,3,0.7591715464845095,-0.33333333333333304,0.33333333333333304,0.0,0.8663,0.0141,0.25,0.07258606793086608,0.6221507412753766,0.0141,0.0,1,figure_source_reconstruction,Fig 5a,chronological_exp_decay_tau7_maxlag30,0.029472029026512497,0.71744891692394,-0.05883161514995607,-1.0107832675795343,-0.08067348419475948
Kemp_chronic_infection,9,9,89,89.0,False,0,0.0952,0.058,0.003,0.003,0.8579,0.8421,,20.333333333333332,0.4198727791446674,0.9967043433826719,6,1.079666130752377,-0.44444444444444525,0.44444444444444525,0.0,0.8579,0.0766,0.14285714285714285,0.6694890397150798,1.0567323500697345,0.0766,0.005521600000000001,1,figure_source_reconstruction,Fig 5a,chronological_exp_decay_tau7_maxlag30,0.8766234699634098,0.9576805981961753,-0.3341895489178017,-0.1353849444003941,0.3411823937103473
Kemp_chronic_infection,10,10,93,93.0,False,0,0.0015,0.0,0.9923,0.9942,0.0052,0.005,19.0,19.0,0.5114059079309377,0.7308043524813631,5,1.4001607150202438,-0.33333333333333304,0.33333333333333304,0.0,0.9942,0.00075,0.16666666666666666,0.009689783941316473,1.1614740302039857,0.00075,0.0,1,figure_source_reconstruction,Fig 5a,chronological_exp_decay_tau7_maxlag30,0.5952864373382681,1.0988775793727854,-0.16552200024243832,-1.1094205105672514,0.104805376475341
Kemp_chronic_infection,11,11,93ETA*,93.0,True,1,0.0019,0.0,0.9578,0.9689,0.0058,0.0191,,19.0,0.49406944215025755,0.7665163041829137,5,1.4001607150202438,0.0,0.0,0.0,0.9689,0.00095,0.16666666666666666,0.016011069671096577,1.1614740302039857,0.00095,0.0,1,figure_source_reconstruction,Fig 5a,chronological_exp_decay_tau7_maxlag30,0.5935380751611948,0.9503255292293494,-0.20726079749681628,-1.1007157148927416,0.058971773000246586
Kemp_chronic_infection,12,12,95,95.0,False,0,0.0759,0.118,0.8128,0.7498,0.1387,0.1286,16.0,16.0,0.34515984702743163,1.381922322028649,6,2.1212735296229446,-1.5,1.5,0.0,0.8128,0.09695,0.14285714285714285,0.6809893122119413,2.375775946345506,0.09695,0.0089562,1,figure_source_reconstruction,Fig 5a,chronological_exp_decay_tau7_maxlag30,1.0783951810639412,2.0479170001297624,-0.3710661096083339,-0.09387713707624491,0.6653422336272812
Kemp_chronic_infection,13,13,98,98.0,False,0,0.7929,0.729,0.0,0.0022,0.0846,0.0682,25.0,25.0,0.3750410773057621,1.005926440180078,5,-0.04206491418515771,3.0,-3.0,0.0,0.7929,0.76095,0.16666666666666666,0.12209445947747798,2.1887691277267054,0.76095,0.5780241,1,figure_source_reconstruction,Fig 5a,chronological_exp_decay_tau7_maxlag30,0.5763038800282582,-1.2448574125714762,0.9262765900377317,0.6061266861128162,0.21596243590183245
Kemp_chronic_infection,14,14,99,99.0,False,0,0.824,0.758,0.0,0.0047,0.2121,0.1765,30.0,30.0,0.368618791798067,1.2020374670944185,5,-1.2439196051896588,5.0,-5.0,0.0,0.824,0.7909999999999999,0.16666666666666666,0.41832831642310797,2.7642734842319454,0.7909999999999999,0.6245919999999999,1,figure_source_reconstruction,Fig 5a,chronological_exp_decay_tau7_maxlag30,0.7411378475878236,-2.8513484555236763,1.0344487049614448,1.097160161605122,0.005349564657678552
Kemp_chronic_infection,15,15,99ETA*,99.0,True,1,0.76,0.614,0.1058,0.0625,0.0,0.0,,30.0,0.3385993724152483,1.029133018464893,4,-1.2439196051896588,0.0,0.0,0.0,0.76,0.687,0.2,0.43527169456008535,2.7642734842319454,0.687,0.46664,1,figure_source_reconstruction,Fig 5a,chronological_exp_decay_tau7_maxlag30,0.3051228550157934,-0.6230677033721365,0.8505223684027149,0.8022080342626692,0.33369638857726025
Kemp_chronic_infection,16,16,100ETA*,100.0,True,0,0.7012,0.497,0.0,0.0047,0.2321,0.2857,,30.0,0.27594903454563247,1.3089939729478646,5,-1.2439196051896588,0.0,0.0,0.0,0.7012,0.5991,0.16666666666666666,0.6448454201465676,4.130043391846469,0.5991,0.34849640000000004,1,figure_source_reconstruction,Fig 5a,chronological_exp_decay_tau7_maxlag30,0.6558412753027435,-0.6230677033721365,0.46984404350089387,0.8354387199089421,0.3345140838351108
Kemp_chronic_infection,17,17,100,100.0,False,1,0.8283,0.583,0.098,0.0,0.2857,0.2857,,30.0,0.308956562750602,1.4123284351583603,5,-1.2439196051896588,0.0,0.0,0.0,0.8283,0.70565,0.16666666666666666,0.6645128783492259,4.130043391846469,0.70565,0.48289889999999996,1,figure_source_reconstruction,Fig 5a,chronological_exp_decay_tau7_maxlag30,0.8141971525880709,-0.6230677033721365,0.8814061103053531,1.1513237072022589,0.5559648166808866
Kemp_chronic_infection,18,18,101ETA*,101.0,True,0,0.6539,0.607,0.2526,0.0583,0.2758,0.2577,,30.0,0.23108444704624037,1.598850562012483,6,-1.2439196051896588,0.0,0.0,0.0,0.6539,0.63045,0.14285714285714285,0.7856637489735462,5.3139991409013465,0.63045,0.39691730000000003,1,figure_source_reconstruction,Fig 5a,chronological_exp_decay_tau7_maxlag30,1.050549637382954,-0.6230677033721365,0.36579957660266477,1.1214725725033778,0.47868852077921503
Kemp_chronic_infection,19,19,101,101.0,False,1,0.9767,0.787,0.0067,0.0,0.0174,0.0167,30.0,30.0,0.45414426232200716,0.8030331060178847,5,-1.2439196051896588,0.0,0.0,0.0,0.9767,0.88185,0.16666666666666666,0.7301767394017641,5.3139991409013465,0.88185,0.7686629,1,figure_source_reconstruction,Fig 5a,chronological_exp_decay_tau7_maxlag30,0.5481358345558419,-0.6230677033721365,1.459155738656064,1.8017001618042938,0.7964810079110158
