Unnamed: 0,D796H,del69/70,W64G,P330S,Y200H,T240I,CT
1,0.0,0.028,0.0,0.0,0.0018,0.0018,25.0
37,0.003,0.006,0.0,0.0,0.0,0.0,25.0
41,0.0,0.0,0.0,0.0,0.0,0.0,23.0
45,0.0025,0.0,0.0,0.0,0.0,0.0,
50,0.0013,0.0,0.0,0.0014,0.0,0.0,
55,0.0222,0.006,0.0022,0.007,0.0,0.0077,
66,0.0014,0.0,0.0,0.0,0.0021,0.0,26.0
82,0.9952,0.83,0.037,0.0,0.0022,0.0021,23.0
86,0.0282,0.0,0.0,0.0,0.8198,0.8663,
89,0.0952,0.058,0.003,0.003,0.8579,0.8421,
93,0.0015,0.0,0.9923,0.9942,0.0052,0.005,19.0
93ETA*,0.0019,0.0,0.9578,0.9689,0.0058,0.0191,
95,0.0759,0.118,0.8128,0.7498,0.1387,0.1286,16.0
98,0.7929,0.729,0.0,0.0022,0.0846,0.0682,25.0
99,0.824,0.758,0.0,0.0047,0.2121,0.1765,30.0
99ETA*,0.76,0.614,0.1058,0.0625,0.0,0.0,
100ETA*,0.7012,0.497,0.0,0.0047,0.2321,0.2857,
100,0.8283,0.583,0.098,0.0,0.2857,0.2857,
101ETA*,0.6539,0.607,0.2526,0.0583,0.2758,0.2577,
101,0.9767,0.787,0.0067,0.0,0.0174,0.0167,30.0
