Locus,From,To,Gene,Protein,Days since 1st Positive RT-PCR for SARS-CoV-2,Unnamed: 6,Unnamed: 7,Unnamed: 8,Unnamed: 9,Unnamed: 10,Unnamed: 11,Unnamed: 12,Unnamed: 13,Unnamed: 14,Unnamed: 15,Unnamed: 16
,,,,,86.0,89.0,93.0,93 (ETA),95.0,98.0,99.0,99 (ETA),100 (ETA),100.0,101 (ETA),101.0
2236.0,T,C,ORF1ab,NSP2,0.0142,0.0025,0.9894,0.9683,0.7612,0.0029,0.1942,0.0548,0.0028,0.0294,0.0676,0.0031
2343.0,T,C,ORF1ab,NSP2,0.9666,0.8875,0.0019,0.0218,0.1555,0.1217,0.0,0.3191,0.295,0.2593,0.2868,0.0
3918.0,G,A,ORF1ab,NSP3,0.0,0.0099,0.9949,0.98,0.7632,0.0,0.0,0,0,0.0435,0.0712,0.0
5393.0,T,C,ORF1ab,NSP3,0.0082,0.0,0.004,0,0.0717,0.787,0.3958,0.6425,0.2837,0.6554,0.654,0.1892
5406.0,T,G,ORF1ab,NSP3,0.2863,0.6488,0.0039,0.0205,0.1798,0.1095,0.0,0.3086,0.1634,0.2987,0.284,0.0
5425.0,G,T,ORF1ab,NSP3,0.0118,0.0937,0.002,0.0082,0.0726,0.8225,0.931,0.6563,0.5385,0.6788,0.6578,0.9886
5590.0,T,C,ORF1ab,NSP3,0.0075,0.0,0.9963,0.9594,0.794,0.0032,0.0,0.0439,0,0.041,0.074,0.0
8389.0,C,T,ORF1ab,NSP3,0.0,0.0,0.2085,0.1863,0.2018,0.0033,0.0,0.0108,0,0.0061,0.0106,0.0
9130.0,G,T,ORF1ab,NSP4,0.0,0.0,0.0014,0,0.0,0.1221,0.1585,0,0.196,0.0016,0,0.0
9438.0,C,T,ORF1ab,NSP4,0.0,0.0051,0.992,0.9763,0.7885,0.0,0.0,0.0532,0,0.0286,0.0915,0.0
10700.0,G,A,ORF1ab,NSP5,0.0,0.0031,0.9925,0.9637,0.774,0.0023,0.1143,0.0455,0.0015,0.0283,0.0661,0.0023
10906.0,T,C,ORF1ab,NSP5,0.0,0.0035,0.1298,0.1957,0.0588,0.0,0.0,0.005,0,0.0063,0.0079,0.0
11620.0,C,T,ORF1ab,NSP6,0.0077,0.1006,0.0017,0,0.0037,0.0156,0.2411,0,0.0861,0.0021,0.0076,0.7285
11770.0,A,G,ORF1ab,NSP6,0.0039,0.0028,0.9814,0.9096,0.7352,0.0023,0.4322,0.059,0.0056,0.0323,0.0553,0.0061
12043.0,C,T,ORF1ab,NSP7,0.1747,0.5143,0.0041,0.0408,0.1311,0.1309,0.0,0.2753,0.1196,0.2537,0.2768,0.1875
13527.0,T,C,ORF1ab,NSP12b,0.0094,0.0065,0.568,0.5016,0.3548,0.0,0.0,0.0105,0,0.0108,0.0339,0.0
13936.0,G,T,ORF1ab,NSP12b,0.9378,0.8645,0.004,0.0109,0.13,0.1516,0.0,0.2585,0.4054,0.2309,0.2622,0.0
14776.0,G,T,ORF1ab,NSP12b,0.002,0.0,0.5354,0.5095,0.3431,0.0013,0.0,0.0181,0.003,0.0161,0.0187,0.001
14913.0,C,T,ORF1ab,NSP12b,0.0,0.0026,0.095,0.1689,0.0549,0.0,0.0,0.0054,0,0.0106,0.0125,0.0
