case_id,run_accession,sample_accession,study_accession,sample_title,scientific_name,instrument_platform,instrument_model,library_layout,library_strategy,read_count,base_count,fastq_ftp,submitted_ftp,bam_ftp,n_fastq_links,n_submitted_links,n_bam_links,has_fastq,has_submitted,has_bam,metadata_usable,needs_day_mapping,needs_case_grouping,download_status
BOYLE_2025_PRJNA1295507,SRR34737006,SAMN50212639,PRJNA1295507,LC-09953,Severe acute respiratory syndrome coronavirus 2,ILLUMINA,Illumina MiSeq,PAIRED,AMPLICON,79939,29906319,ftp.sra.ebi.ac.uk/vol1/fastq/SRR347/006/SRR34737006/SRR34737006.fastq.gz;ftp.sra.ebi.ac.uk/vol1/fastq/SRR347/006/SRR34737006/SRR34737006_1.fastq.gz;ftp.sra.ebi.ac.uk/vol1/fastq/SRR347/006/SRR34737006/SRR34737006_2.fastq.gz,,,3,0,0,True,False,False,True,True,True,not_downloaded
BOYLE_2025_PRJNA1295507,SRR34737030,SAMN50212625,PRJNA1295507,LC-0065,Severe acute respiratory syndrome coronavirus 2,ILLUMINA,Illumina MiSeq,PAIRED,AMPLICON,99489,39146644,ftp.sra.ebi.ac.uk/vol1/fastq/SRR347/030/SRR34737030/SRR34737030.fastq.gz;ftp.sra.ebi.ac.uk/vol1/fastq/SRR347/030/SRR34737030/SRR34737030_1.fastq.gz;ftp.sra.ebi.ac.uk/vol1/fastq/SRR347/030/SRR34737030/SRR34737030_2.fastq.gz,,,3,0,0,True,False,False,True,True,True,not_downloaded
BOYLE_2025_PRJNA1295507,SRR34737045,SAMN50212619,PRJNA1295507,LC-06628,Severe acute respiratory syndrome coronavirus 2,ILLUMINA,Illumina MiSeq,PAIRED,AMPLICON,82441,32768279,ftp.sra.ebi.ac.uk/vol1/fastq/SRR347/045/SRR34737045/SRR34737045.fastq.gz;ftp.sra.ebi.ac.uk/vol1/fastq/SRR347/045/SRR34737045/SRR34737045_1.fastq.gz;ftp.sra.ebi.ac.uk/vol1/fastq/SRR347/045/SRR34737045/SRR34737045_2.fastq.gz,,,3,0,0,True,False,False,True,True,True,not_downloaded
BOYLE_2025_PRJNA1295507,SRR34737047,SAMN50212617,PRJNA1295507,LC-02649,Severe acute respiratory syndrome coronavirus 2,ILLUMINA,Illumina MiSeq,PAIRED,AMPLICON,74247,28454917,ftp.sra.ebi.ac.uk/vol1/fastq/SRR347/047/SRR34737047/SRR34737047.fastq.gz;ftp.sra.ebi.ac.uk/vol1/fastq/SRR347/047/SRR34737047/SRR34737047_1.fastq.gz;ftp.sra.ebi.ac.uk/vol1/fastq/SRR347/047/SRR34737047/SRR34737047_2.fastq.gz,,,3,0,0,True,False,False,True,True,True,not_downloaded
BOYLE_2025_PRJNA1295507,SRR34737008,SAMN50212637,PRJNA1295507,LC-07245,Severe acute respiratory syndrome coronavirus 2,ILLUMINA,Illumina MiSeq,PAIRED,AMPLICON,106556,44123756,ftp.sra.ebi.ac.uk/vol1/fastq/SRR347/008/SRR34737008/SRR34737008.fastq.gz;ftp.sra.ebi.ac.uk/vol1/fastq/SRR347/008/SRR34737008/SRR34737008_1.fastq.gz;ftp.sra.ebi.ac.uk/vol1/fastq/SRR347/008/SRR34737008/SRR34737008_2.fastq.gz,,,3,0,0,True,False,False,True,True,True,not_downloaded
BOYLE_2025_PRJNA1295507,SRR34737016,SAMN50212632,PRJNA1295507,LC-10602,Severe acute respiratory syndrome coronavirus 2,ILLUMINA,Illumina MiSeq,PAIRED,AMPLICON,69163,27657511,ftp.sra.ebi.ac.uk/vol1/fastq/SRR347/016/SRR34737016/SRR34737016.fastq.gz;ftp.sra.ebi.ac.uk/vol1/fastq/SRR347/016/SRR34737016/SRR34737016_1.fastq.gz;ftp.sra.ebi.ac.uk/vol1/fastq/SRR347/016/SRR34737016/SRR34737016_2.fastq.gz,,,3,0,0,True,False,False,True,True,True,not_downloaded
BOYLE_2025_PRJNA1295507,SRR34737024,SAMN50212654,PRJNA1295507,LC-02587,Severe acute respiratory syndrome coronavirus 2,ILLUMINA,Illumina MiSeq,PAIRED,AMPLICON,80809,29871639,ftp.sra.ebi.ac.uk/vol1/fastq/SRR347/024/SRR34737024/SRR34737024.fastq.gz;ftp.sra.ebi.ac.uk/vol1/fastq/SRR347/024/SRR34737024/SRR34737024_1.fastq.gz;ftp.sra.ebi.ac.uk/vol1/fastq/SRR347/024/SRR34737024/SRR34737024_2.fastq.gz,,,3,0,0,True,False,False,True,True,True,not_downloaded
BOYLE_2025_PRJNA1295507,SRR34737025,SAMN50212653,PRJNA1295507,LC-06081,Severe acute respiratory syndrome coronavirus 2,ILLUMINA,Illumina MiSeq,PAIRED,AMPLICON,77320,31614384,ftp.sra.ebi.ac.uk/vol1/fastq/SRR347/025/SRR34737025/SRR34737025.fastq.gz;ftp.sra.ebi.ac.uk/vol1/fastq/SRR347/025/SRR34737025/SRR34737025_1.fastq.gz;ftp.sra.ebi.ac.uk/vol1/fastq/SRR347/025/SRR34737025/SRR34737025_2.fastq.gz,,,3,0,0,True,False,False,True,True,True,not_downloaded
BOYLE_2025_PRJNA1295507,SRR34737026,SAMN50212652,PRJNA1295507,LC-10015,Severe acute respiratory syndrome coronavirus 2,ILLUMINA,Illumina MiSeq,PAIRED,AMPLICON,89970,37277411,ftp.sra.ebi.ac.uk/vol1/fastq/SRR347/026/SRR34737026/SRR34737026.fastq.gz;ftp.sra.ebi.ac.uk/vol1/fastq/SRR347/026/SRR34737026/SRR34737026_1.fastq.gz;ftp.sra.ebi.ac.uk/vol1/fastq/SRR347/026/SRR34737026/SRR34737026_2.fastq.gz,,,3,0,0,True,False,False,True,True,True,not_downloaded
BOYLE_2025_PRJNA1295507,SRR34737028,SAMN50212650,PRJNA1295507,LC-07805,Severe acute respiratory syndrome coronavirus 2,ILLUMINA,Illumina MiSeq,PAIRED,AMPLICON,114621,44724884,ftp.sra.ebi.ac.uk/vol1/fastq/SRR347/028/SRR34737028/SRR34737028.fastq.gz;ftp.sra.ebi.ac.uk/vol1/fastq/SRR347/028/SRR34737028/SRR34737028_1.fastq.gz;ftp.sra.ebi.ac.uk/vol1/fastq/SRR347/028/SRR34737028/SRR34737028_2.fastq.gz,,,3,0,0,True,False,False,True,True,True,not_downloaded
BOYLE_2025_PRJNA1295507,SRR34737029,SAMN50212626,PRJNA1295507,LC-08331,Severe acute respiratory syndrome coronavirus 2,ILLUMINA,Illumina MiSeq,PAIRED,AMPLICON,95332,39724213,ftp.sra.ebi.ac.uk/vol1/fastq/SRR347/029/SRR34737029/SRR34737029.fastq.gz;ftp.sra.ebi.ac.uk/vol1/fastq/SRR347/029/SRR34737029/SRR34737029_1.fastq.gz;ftp.sra.ebi.ac.uk/vol1/fastq/SRR347/029/SRR34737029/SRR34737029_2.fastq.gz,,,3,0,0,True,False,False,True,True,True,not_downloaded
BOYLE_2025_PRJNA1295507,SRR34737033,SAMN50212623,PRJNA1295507,LC-10356,Severe acute respiratory syndrome coronavirus 2,ILLUMINA,Illumina MiSeq,PAIRED,AMPLICON,97874,40410187,ftp.sra.ebi.ac.uk/vol1/fastq/SRR347/033/SRR34737033/SRR34737033.fastq.gz;ftp.sra.ebi.ac.uk/vol1/fastq/SRR347/033/SRR34737033/SRR34737033_1.fastq.gz;ftp.sra.ebi.ac.uk/vol1/fastq/SRR347/033/SRR34737033/SRR34737033_2.fastq.gz,,,3,0,0,True,False,False,True,True,True,not_downloaded
BOYLE_2025_PRJNA1295507,SRR34737046,SAMN50212618,PRJNA1295507,LC-02672,Severe acute respiratory syndrome coronavirus 2,ILLUMINA,Illumina MiSeq,PAIRED,AMPLICON,85038,32876184,ftp.sra.ebi.ac.uk/vol1/fastq/SRR347/046/SRR34737046/SRR34737046.fastq.gz;ftp.sra.ebi.ac.uk/vol1/fastq/SRR347/046/SRR34737046/SRR34737046_1.fastq.gz;ftp.sra.ebi.ac.uk/vol1/fastq/SRR347/046/SRR34737046/SRR34737046_2.fastq.gz,,,3,0,0,True,False,False,True,True,True,not_downloaded
BOYLE_2025_PRJNA1295507,SRR34737007,SAMN50212638,PRJNA1295507,LC-09975,Severe acute respiratory syndrome coronavirus 2,ILLUMINA,Illumina MiSeq,PAIRED,AMPLICON,102814,42310144,ftp.sra.ebi.ac.uk/vol1/fastq/SRR347/007/SRR34737007/SRR34737007.fastq.gz;ftp.sra.ebi.ac.uk/vol1/fastq/SRR347/007/SRR34737007/SRR34737007_1.fastq.gz;ftp.sra.ebi.ac.uk/vol1/fastq/SRR347/007/SRR34737007/SRR34737007_2.fastq.gz,,,3,0,0,True,False,False,True,True,True,not_downloaded
BOYLE_2025_PRJNA1295507,SRR34737018,SAMN50212630,PRJNA1295507,LC-0030,Severe acute respiratory syndrome coronavirus 2,ILLUMINA,Illumina MiSeq,PAIRED,AMPLICON,98176,39277205,ftp.sra.ebi.ac.uk/vol1/fastq/SRR347/018/SRR34737018/SRR34737018.fastq.gz;ftp.sra.ebi.ac.uk/vol1/fastq/SRR347/018/SRR34737018/SRR34737018_1.fastq.gz;ftp.sra.ebi.ac.uk/vol1/fastq/SRR347/018/SRR34737018/SRR34737018_2.fastq.gz,,,3,0,0,True,False,False,True,True,True,not_downloaded
BOYLE_2025_PRJNA1295507,SRR34737004,SAMN50212641,PRJNA1295507,LC-0426,Severe acute respiratory syndrome coronavirus 2,ILLUMINA,Illumina MiSeq,PAIRED,AMPLICON,78911,29330798,ftp.sra.ebi.ac.uk/vol1/fastq/SRR347/004/SRR34737004/SRR34737004.fastq.gz;ftp.sra.ebi.ac.uk/vol1/fastq/SRR347/004/SRR34737004/SRR34737004_1.fastq.gz;ftp.sra.ebi.ac.uk/vol1/fastq/SRR347/004/SRR34737004/SRR34737004_2.fastq.gz,,,3,0,0,True,False,False,True,True,True,not_downloaded
BOYLE_2025_PRJNA1295507,SRR34737009,SAMN50212636,PRJNA1295507,LC-07119,Severe acute respiratory syndrome coronavirus 2,ILLUMINA,Illumina MiSeq,PAIRED,AMPLICON,110723,44533455,ftp.sra.ebi.ac.uk/vol1/fastq/SRR347/009/SRR34737009/SRR34737009.fastq.gz;ftp.sra.ebi.ac.uk/vol1/fastq/SRR347/009/SRR34737009/SRR34737009_1.fastq.gz;ftp.sra.ebi.ac.uk/vol1/fastq/SRR347/009/SRR34737009/SRR34737009_2.fastq.gz,,,3,0,0,True,False,False,True,True,True,not_downloaded
BOYLE_2025_PRJNA1295507,SRR34737022,SAMN50212611,PRJNA1295507,LC-03349,Severe acute respiratory syndrome coronavirus 2,ILLUMINA,Illumina MiSeq,PAIRED,AMPLICON,85880,34054115,ftp.sra.ebi.ac.uk/vol1/fastq/SRR347/022/SRR34737022/SRR34737022.fastq.gz;ftp.sra.ebi.ac.uk/vol1/fastq/SRR347/022/SRR34737022/SRR34737022_1.fastq.gz;ftp.sra.ebi.ac.uk/vol1/fastq/SRR347/022/SRR34737022/SRR34737022_2.fastq.gz,,,3,0,0,True,False,False,True,True,True,not_downloaded
BOYLE_2025_PRJNA1295507,SRR34737023,SAMN50212610,PRJNA1295507,LC-03371,Severe acute respiratory syndrome coronavirus 2,ILLUMINA,Illumina MiSeq,PAIRED,AMPLICON,109280,46063765,ftp.sra.ebi.ac.uk/vol1/fastq/SRR347/023/SRR34737023/SRR34737023.fastq.gz;ftp.sra.ebi.ac.uk/vol1/fastq/SRR347/023/SRR34737023/SRR34737023_1.fastq.gz;ftp.sra.ebi.ac.uk/vol1/fastq/SRR347/023/SRR34737023/SRR34737023_2.fastq.gz,,,3,0,0,True,False,False,True,True,True,not_downloaded
BOYLE_2025_PRJNA1295507,SRR34737032,SAMN50212624,PRJNA1295507,LC-10380,Severe acute respiratory syndrome coronavirus 2,ILLUMINA,Illumina MiSeq,PAIRED,AMPLICON,103059,36840849,ftp.sra.ebi.ac.uk/vol1/fastq/SRR347/032/SRR34737032/SRR34737032.fastq.gz;ftp.sra.ebi.ac.uk/vol1/fastq/SRR347/032/SRR34737032/SRR34737032_1.fastq.gz;ftp.sra.ebi.ac.uk/vol1/fastq/SRR347/032/SRR34737032/SRR34737032_2.fastq.gz,,,3,0,0,True,False,False,True,True,True,not_downloaded
BOYLE_2025_PRJNA1295507,SRR34737034,SAMN50212622,PRJNA1295507,LC-09970,Severe acute respiratory syndrome coronavirus 2,ILLUMINA,Illumina MiSeq,PAIRED,AMPLICON,63061,25652684,ftp.sra.ebi.ac.uk/vol1/fastq/SRR347/034/SRR34737034/SRR34737034.fastq.gz;ftp.sra.ebi.ac.uk/vol1/fastq/SRR347/034/SRR34737034/SRR34737034_1.fastq.gz;ftp.sra.ebi.ac.uk/vol1/fastq/SRR347/034/SRR34737034/SRR34737034_2.fastq.gz,,,3,0,0,True,False,False,True,True,True,not_downloaded
BOYLE_2025_PRJNA1295507,SRR34737038,SAMN50212648,PRJNA1295507,LC-08020,Severe acute respiratory syndrome coronavirus 2,ILLUMINA,Illumina MiSeq,PAIRED,AMPLICON,87997,34925792,ftp.sra.ebi.ac.uk/vol1/fastq/SRR347/038/SRR34737038/SRR34737038.fastq.gz;ftp.sra.ebi.ac.uk/vol1/fastq/SRR347/038/SRR34737038/SRR34737038_1.fastq.gz;ftp.sra.ebi.ac.uk/vol1/fastq/SRR347/038/SRR34737038/SRR34737038_2.fastq.gz,,,3,0,0,True,False,False,True,True,True,not_downloaded
BOYLE_2025_PRJNA1295507,SRR34737042,SAMN50212609,PRJNA1295507,LC-05858,Severe acute respiratory syndrome coronavirus 2,ILLUMINA,Illumina MiSeq,PAIRED,AMPLICON,97768,40285722,ftp.sra.ebi.ac.uk/vol1/fastq/SRR347/042/SRR34737042/SRR34737042.fastq.gz;ftp.sra.ebi.ac.uk/vol1/fastq/SRR347/042/SRR34737042/SRR34737042_1.fastq.gz;ftp.sra.ebi.ac.uk/vol1/fastq/SRR347/042/SRR34737042/SRR34737042_2.fastq.gz,,,3,0,0,True,False,False,True,True,True,not_downloaded
BOYLE_2025_PRJNA1295507,SRR34737044,SAMN50212643,PRJNA1295507,LC-03549,Severe acute respiratory syndrome coronavirus 2,ILLUMINA,Illumina MiSeq,PAIRED,AMPLICON,108039,41421338,ftp.sra.ebi.ac.uk/vol1/fastq/SRR347/044/SRR34737044/SRR34737044.fastq.gz;ftp.sra.ebi.ac.uk/vol1/fastq/SRR347/044/SRR34737044/SRR34737044_1.fastq.gz;ftp.sra.ebi.ac.uk/vol1/fastq/SRR347/044/SRR34737044/SRR34737044_2.fastq.gz,,,3,0,0,True,False,False,True,True,True,not_downloaded
BOYLE_2025_PRJNA1295507,SRR34737048,SAMN50212616,PRJNA1295507,LC-02659,Severe acute respiratory syndrome coronavirus 2,ILLUMINA,Illumina MiSeq,PAIRED,AMPLICON,93601,36688702,ftp.sra.ebi.ac.uk/vol1/fastq/SRR347/048/SRR34737048/SRR34737048.fastq.gz;ftp.sra.ebi.ac.uk/vol1/fastq/SRR347/048/SRR34737048/SRR34737048_1.fastq.gz;ftp.sra.ebi.ac.uk/vol1/fastq/SRR347/048/SRR34737048/SRR34737048_2.fastq.gz,,,3,0,0,True,False,False,True,True,True,not_downloaded
BOYLE_2025_PRJNA1295507,SRR34737051,SAMN50212605,PRJNA1295507,LC-07633,Severe acute respiratory syndrome coronavirus 2,ILLUMINA,Illumina MiSeq,PAIRED,AMPLICON,102080,41655238,ftp.sra.ebi.ac.uk/vol1/fastq/SRR347/051/SRR34737051/SRR34737051.fastq.gz;ftp.sra.ebi.ac.uk/vol1/fastq/SRR347/051/SRR34737051/SRR34737051_1.fastq.gz;ftp.sra.ebi.ac.uk/vol1/fastq/SRR347/051/SRR34737051/SRR34737051_2.fastq.gz,,,3,0,0,True,False,False,True,True,True,not_downloaded
BOYLE_2025_PRJNA1295507,SRR34737012,SAMN50212613,PRJNA1295507,LC-10033,Severe acute respiratory syndrome coronavirus 2,ILLUMINA,Illumina MiSeq,PAIRED,AMPLICON,90652,38612863,ftp.sra.ebi.ac.uk/vol1/fastq/SRR347/012/SRR34737012/SRR34737012.fastq.gz;ftp.sra.ebi.ac.uk/vol1/fastq/SRR347/012/SRR34737012/SRR34737012_1.fastq.gz;ftp.sra.ebi.ac.uk/vol1/fastq/SRR347/012/SRR34737012/SRR34737012_2.fastq.gz,,,3,0,0,True,False,False,True,True,True,not_downloaded
BOYLE_2025_PRJNA1295507,SRR34737013,SAMN50212608,PRJNA1295507,LC-10955,Severe acute respiratory syndrome coronavirus 2,ILLUMINA,Illumina MiSeq,PAIRED,AMPLICON,98315,40339560,ftp.sra.ebi.ac.uk/vol1/fastq/SRR347/013/SRR34737013/SRR34737013.fastq.gz;ftp.sra.ebi.ac.uk/vol1/fastq/SRR347/013/SRR34737013/SRR34737013_1.fastq.gz;ftp.sra.ebi.ac.uk/vol1/fastq/SRR347/013/SRR34737013/SRR34737013_2.fastq.gz,,,3,0,0,True,False,False,True,True,True,not_downloaded
BOYLE_2025_PRJNA1295507,SRR34737017,SAMN50212631,PRJNA1295507,LC-11663,Severe acute respiratory syndrome coronavirus 2,ILLUMINA,Illumina MiSeq,PAIRED,AMPLICON,67639,28191919,ftp.sra.ebi.ac.uk/vol1/fastq/SRR347/017/SRR34737017/SRR34737017.fastq.gz;ftp.sra.ebi.ac.uk/vol1/fastq/SRR347/017/SRR34737017/SRR34737017_1.fastq.gz;ftp.sra.ebi.ac.uk/vol1/fastq/SRR347/017/SRR34737017/SRR34737017_2.fastq.gz,,,3,0,0,True,False,False,True,True,True,not_downloaded
BOYLE_2025_PRJNA1295507,SRR34737019,SAMN50212629,PRJNA1295507,LC-1807,Severe acute respiratory syndrome coronavirus 2,ILLUMINA,Illumina MiSeq,PAIRED,AMPLICON,147147,30949090,ftp.sra.ebi.ac.uk/vol1/fastq/SRR347/019/SRR34737019/SRR34737019.fastq.gz;ftp.sra.ebi.ac.uk/vol1/fastq/SRR347/019/SRR34737019/SRR34737019_1.fastq.gz;ftp.sra.ebi.ac.uk/vol1/fastq/SRR347/019/SRR34737019/SRR34737019_2.fastq.gz,ftp.sra.ebi.ac.uk/vol1/srr/SRR347/019/SRR34737019/LCH1807.trimmed.sorted.bam,,3,1,0,True,True,False,True,True,True,not_downloaded
BOYLE_2025_PRJNA1295507,SRR34737031,SAMN50212607,PRJNA1295507,LC-0953,Severe acute respiratory syndrome coronavirus 2,ILLUMINA,Illumina MiSeq,PAIRED,AMPLICON,99645,39731200,ftp.sra.ebi.ac.uk/vol1/fastq/SRR347/031/SRR34737031/SRR34737031.fastq.gz;ftp.sra.ebi.ac.uk/vol1/fastq/SRR347/031/SRR34737031/SRR34737031_1.fastq.gz;ftp.sra.ebi.ac.uk/vol1/fastq/SRR347/031/SRR34737031/SRR34737031_2.fastq.gz,,,3,0,0,True,False,False,True,True,True,not_downloaded
BOYLE_2025_PRJNA1295507,SRR34737050,SAMN50212606,PRJNA1295507,LC-07617,Severe acute respiratory syndrome coronavirus 2,ILLUMINA,Illumina MiSeq,PAIRED,AMPLICON,97164,40090291,ftp.sra.ebi.ac.uk/vol1/fastq/SRR347/050/SRR34737050/SRR34737050.fastq.gz;ftp.sra.ebi.ac.uk/vol1/fastq/SRR347/050/SRR34737050/SRR34737050_1.fastq.gz;ftp.sra.ebi.ac.uk/vol1/fastq/SRR347/050/SRR34737050/SRR34737050_2.fastq.gz,,,3,0,0,True,False,False,True,True,True,not_downloaded
BOYLE_2025_PRJNA1295507,SRR34737037,SAMN50212649,PRJNA1295507,LC-03064,Severe acute respiratory syndrome coronavirus 2,ILLUMINA,Illumina MiSeq,PAIRED,AMPLICON,70563,25909965,ftp.sra.ebi.ac.uk/vol1/fastq/SRR347/037/SRR34737037/SRR34737037.fastq.gz;ftp.sra.ebi.ac.uk/vol1/fastq/SRR347/037/SRR34737037/SRR34737037_1.fastq.gz;ftp.sra.ebi.ac.uk/vol1/fastq/SRR347/037/SRR34737037/SRR34737037_2.fastq.gz,,,3,0,0,True,False,False,True,True,True,not_downloaded
BOYLE_2025_PRJNA1295507,SRR34737011,SAMN50212614,PRJNA1295507,LC-06074,Severe acute respiratory syndrome coronavirus 2,ILLUMINA,Illumina MiSeq,PAIRED,AMPLICON,71791,29340890,ftp.sra.ebi.ac.uk/vol1/fastq/SRR347/011/SRR34737011/SRR34737011.fastq.gz;ftp.sra.ebi.ac.uk/vol1/fastq/SRR347/011/SRR34737011/SRR34737011_1.fastq.gz;ftp.sra.ebi.ac.uk/vol1/fastq/SRR347/011/SRR34737011/SRR34737011_2.fastq.gz,,,3,0,0,True,False,False,True,True,True,not_downloaded
BOYLE_2025_PRJNA1295507,SRR34737015,SAMN50212633,PRJNA1295507,LC-11462,Severe acute respiratory syndrome coronavirus 2,ILLUMINA,Illumina MiSeq,PAIRED,AMPLICON,90546,33487892,ftp.sra.ebi.ac.uk/vol1/fastq/SRR347/015/SRR34737015/SRR34737015.fastq.gz;ftp.sra.ebi.ac.uk/vol1/fastq/SRR347/015/SRR34737015/SRR34737015_1.fastq.gz;ftp.sra.ebi.ac.uk/vol1/fastq/SRR347/015/SRR34737015/SRR34737015_2.fastq.gz,,,3,0,0,True,False,False,True,True,True,not_downloaded
BOYLE_2025_PRJNA1295507,SRR34737021,SAMN50212612,PRJNA1295507,LC-1201,Severe acute respiratory syndrome coronavirus 2,ILLUMINA,Illumina MiSeq,PAIRED,AMPLICON,94694,35787957,ftp.sra.ebi.ac.uk/vol1/fastq/SRR347/021/SRR34737021/SRR34737021.fastq.gz;ftp.sra.ebi.ac.uk/vol1/fastq/SRR347/021/SRR34737021/SRR34737021_1.fastq.gz;ftp.sra.ebi.ac.uk/vol1/fastq/SRR347/021/SRR34737021/SRR34737021_2.fastq.gz,,,3,0,0,True,False,False,True,True,True,not_downloaded
BOYLE_2025_PRJNA1295507,SRR34737049,SAMN50212615,PRJNA1295507,LC-06422,Severe acute respiratory syndrome coronavirus 2,ILLUMINA,Illumina MiSeq,PAIRED,AMPLICON,90827,37459503,ftp.sra.ebi.ac.uk/vol1/fastq/SRR347/049/SRR34737049/SRR34737049.fastq.gz;ftp.sra.ebi.ac.uk/vol1/fastq/SRR347/049/SRR34737049/SRR34737049_1.fastq.gz;ftp.sra.ebi.ac.uk/vol1/fastq/SRR347/049/SRR34737049/SRR34737049_2.fastq.gz,,,3,0,0,True,False,False,True,True,True,not_downloaded
BOYLE_2025_PRJNA1295507,SRR34737003,SAMN50212642,PRJNA1295507,LC-10343,Severe acute respiratory syndrome coronavirus 2,ILLUMINA,Illumina MiSeq,PAIRED,AMPLICON,91723,38363690,ftp.sra.ebi.ac.uk/vol1/fastq/SRR347/003/SRR34737003/SRR34737003.fastq.gz;ftp.sra.ebi.ac.uk/vol1/fastq/SRR347/003/SRR34737003/SRR34737003_1.fastq.gz;ftp.sra.ebi.ac.uk/vol1/fastq/SRR347/003/SRR34737003/SRR34737003_2.fastq.gz,,,3,0,0,True,False,False,True,True,True,not_downloaded
BOYLE_2025_PRJNA1295507,SRR34737005,SAMN50212640,PRJNA1295507,LC-09972,Severe acute respiratory syndrome coronavirus 2,ILLUMINA,Illumina MiSeq,PAIRED,AMPLICON,69331,28009934,ftp.sra.ebi.ac.uk/vol1/fastq/SRR347/005/SRR34737005/SRR34737005.fastq.gz;ftp.sra.ebi.ac.uk/vol1/fastq/SRR347/005/SRR34737005/SRR34737005_1.fastq.gz;ftp.sra.ebi.ac.uk/vol1/fastq/SRR347/005/SRR34737005/SRR34737005_2.fastq.gz,,,3,0,0,True,False,False,True,True,True,not_downloaded
BOYLE_2025_PRJNA1295507,SRR34737010,SAMN50212635,PRJNA1295507,LC-06774,Severe acute respiratory syndrome coronavirus 2,ILLUMINA,Illumina MiSeq,PAIRED,AMPLICON,42643,15843474,ftp.sra.ebi.ac.uk/vol1/fastq/SRR347/010/SRR34737010/SRR34737010.fastq.gz;ftp.sra.ebi.ac.uk/vol1/fastq/SRR347/010/SRR34737010/SRR34737010_1.fastq.gz;ftp.sra.ebi.ac.uk/vol1/fastq/SRR347/010/SRR34737010/SRR34737010_2.fastq.gz,,,3,0,0,True,False,False,True,True,True,not_downloaded
BOYLE_2025_PRJNA1295507,SRR34737014,SAMN50212634,PRJNA1295507,LC-08368,Severe acute respiratory syndrome coronavirus 2,ILLUMINA,Illumina MiSeq,PAIRED,AMPLICON,88766,35481060,ftp.sra.ebi.ac.uk/vol1/fastq/SRR347/014/SRR34737014/SRR34737014.fastq.gz;ftp.sra.ebi.ac.uk/vol1/fastq/SRR347/014/SRR34737014/SRR34737014_1.fastq.gz;ftp.sra.ebi.ac.uk/vol1/fastq/SRR347/014/SRR34737014/SRR34737014_2.fastq.gz,,,3,0,0,True,False,False,True,True,True,not_downloaded
BOYLE_2025_PRJNA1295507,SRR34737020,SAMN50212628,PRJNA1295507,LC-1607,Severe acute respiratory syndrome coronavirus 2,ILLUMINA,Illumina MiSeq,PAIRED,AMPLICON,88316,34082109,ftp.sra.ebi.ac.uk/vol1/fastq/SRR347/020/SRR34737020/SRR34737020.fastq.gz;ftp.sra.ebi.ac.uk/vol1/fastq/SRR347/020/SRR34737020/SRR34737020_1.fastq.gz;ftp.sra.ebi.ac.uk/vol1/fastq/SRR347/020/SRR34737020/SRR34737020_2.fastq.gz,,,3,0,0,True,False,False,True,True,True,not_downloaded
BOYLE_2025_PRJNA1295507,SRR34737027,SAMN50212651,PRJNA1295507,LC-03966,Severe acute respiratory syndrome coronavirus 2,ILLUMINA,Illumina MiSeq,PAIRED,AMPLICON,89393,36482929,ftp.sra.ebi.ac.uk/vol1/fastq/SRR347/027/SRR34737027/SRR34737027.fastq.gz;ftp.sra.ebi.ac.uk/vol1/fastq/SRR347/027/SRR34737027/SRR34737027_1.fastq.gz;ftp.sra.ebi.ac.uk/vol1/fastq/SRR347/027/SRR34737027/SRR34737027_2.fastq.gz,,,3,0,0,True,False,False,True,True,True,not_downloaded
BOYLE_2025_PRJNA1295507,SRR34737035,SAMN50212621,PRJNA1295507,LC-07124,Severe acute respiratory syndrome coronavirus 2,ILLUMINA,Illumina MiSeq,PAIRED,AMPLICON,93535,38477640,ftp.sra.ebi.ac.uk/vol1/fastq/SRR347/035/SRR34737035/SRR34737035.fastq.gz;ftp.sra.ebi.ac.uk/vol1/fastq/SRR347/035/SRR34737035/SRR34737035_1.fastq.gz;ftp.sra.ebi.ac.uk/vol1/fastq/SRR347/035/SRR34737035/SRR34737035_2.fastq.gz,,,3,0,0,True,False,False,True,True,True,not_downloaded
BOYLE_2025_PRJNA1295507,SRR34737036,SAMN50212620,PRJNA1295507,LC-07231,Severe acute respiratory syndrome coronavirus 2,ILLUMINA,Illumina MiSeq,PAIRED,AMPLICON,103097,42479713,ftp.sra.ebi.ac.uk/vol1/fastq/SRR347/036/SRR34737036/SRR34737036.fastq.gz;ftp.sra.ebi.ac.uk/vol1/fastq/SRR347/036/SRR34737036/SRR34737036_1.fastq.gz;ftp.sra.ebi.ac.uk/vol1/fastq/SRR347/036/SRR34737036/SRR34737036_2.fastq.gz,,,3,0,0,True,False,False,True,True,True,not_downloaded
BOYLE_2025_PRJNA1295507,SRR34737039,SAMN50212647,PRJNA1295507,LC-03070,Severe acute respiratory syndrome coronavirus 2,ILLUMINA,Illumina MiSeq,PAIRED,AMPLICON,85952,32893065,ftp.sra.ebi.ac.uk/vol1/fastq/SRR347/039/SRR34737039/SRR34737039.fastq.gz;ftp.sra.ebi.ac.uk/vol1/fastq/SRR347/039/SRR34737039/SRR34737039_1.fastq.gz;ftp.sra.ebi.ac.uk/vol1/fastq/SRR347/039/SRR34737039/SRR34737039_2.fastq.gz,,,3,0,0,True,False,False,True,True,True,not_downloaded
BOYLE_2025_PRJNA1295507,SRR34737040,SAMN50212646,PRJNA1295507,LC-08088,Severe acute respiratory syndrome coronavirus 2,ILLUMINA,Illumina MiSeq,PAIRED,AMPLICON,108177,44552077,ftp.sra.ebi.ac.uk/vol1/fastq/SRR347/040/SRR34737040/SRR34737040.fastq.gz;ftp.sra.ebi.ac.uk/vol1/fastq/SRR347/040/SRR34737040/SRR34737040_1.fastq.gz;ftp.sra.ebi.ac.uk/vol1/fastq/SRR347/040/SRR34737040/SRR34737040_2.fastq.gz,,,3,0,0,True,False,False,True,True,True,not_downloaded
BOYLE_2025_PRJNA1295507,SRR34737041,SAMN50212645,PRJNA1295507,LC-0726,Severe acute respiratory syndrome coronavirus 2,ILLUMINA,Illumina MiSeq,PAIRED,AMPLICON,110266,43893910,ftp.sra.ebi.ac.uk/vol1/fastq/SRR347/041/SRR34737041/SRR34737041.fastq.gz;ftp.sra.ebi.ac.uk/vol1/fastq/SRR347/041/SRR34737041/SRR34737041_1.fastq.gz;ftp.sra.ebi.ac.uk/vol1/fastq/SRR347/041/SRR34737041/SRR34737041_2.fastq.gz,,,3,0,0,True,False,False,True,True,True,not_downloaded
BOYLE_2025_PRJNA1295507,SRR34737043,SAMN50212644,PRJNA1295507,LC-03127,Severe acute respiratory syndrome coronavirus 2,ILLUMINA,Illumina MiSeq,PAIRED,AMPLICON,115146,44886184,ftp.sra.ebi.ac.uk/vol1/fastq/SRR347/043/SRR34737043/SRR34737043.fastq.gz;ftp.sra.ebi.ac.uk/vol1/fastq/SRR347/043/SRR34737043/SRR34737043_1.fastq.gz;ftp.sra.ebi.ac.uk/vol1/fastq/SRR347/043/SRR34737043/SRR34737043_2.fastq.gz,,,3,0,0,True,False,False,True,True,True,not_downloaded
BOYLE_2025_PRJNA1295507,SRR34737052,SAMN50212627,PRJNA1295507,LC-02899,Severe acute respiratory syndrome coronavirus 2,ILLUMINA,Illumina MiSeq,PAIRED,AMPLICON,96657,40313662,ftp.sra.ebi.ac.uk/vol1/fastq/SRR347/052/SRR34737052/SRR34737052.fastq.gz;ftp.sra.ebi.ac.uk/vol1/fastq/SRR347/052/SRR34737052/SRR34737052_1.fastq.gz;ftp.sra.ebi.ac.uk/vol1/fastq/SRR347/052/SRR34737052/SRR34737052_2.fastq.gz,,,3,0,0,True,False,False,True,True,True,not_downloaded
